-- phpMyAdmin SQL Dump
-- version 4.0.4
-- http://www.phpmyadmin.net
--
-- Host: 
-- Generation Time: Jan 28, 2014 at 04:12 AM
-- Server version: 5.6.12-log
-- PHP Version: 5.4.16

SET SQL_MODE = "NO_AUTO_VALUE_ON_ZERO";
SET time_zone = "+00:00";


/*!40101 SET @OLD_CHARACTER_SET_CLIENT=@@CHARACTER_SET_CLIENT */;
/*!40101 SET @OLD_CHARACTER_SET_RESULTS=@@CHARACTER_SET_RESULTS */;
/*!40101 SET @OLD_COLLATION_CONNECTION=@@COLLATION_CONNECTION */;
/*!40101 SET NAMES utf8 */;

--
-- Database: `catering_biam`
--
CREATE DATABASE IF NOT EXISTS `catering_biam` DEFAULT CHARACTER SET utf8 COLLATE utf8_general_ci;
USE `catering_biam`;

-- --------------------------------------------------------

--
-- Table structure for table `extra`
--

CREATE TABLE IF NOT EXISTS `extra` (
  `date` date NOT NULL,
  `ingredient_id` int(11) NOT NULL,
  `amount` double NOT NULL,
  PRIMARY KEY (`date`,`ingredient_id`),
  KEY `ingredient_id` (`ingredient_id`)
) ENGINE=InnoDB DEFAULT CHARSET=utf8;

--
-- Dumping data for table `extra`
--

INSERT INTO `extra` (`date`, `ingredient_id`, `amount`) VALUES
('2014-01-09', 30, 1),
('2014-01-10', 30, 3),
('2014-01-10', 145, 6),
('2014-01-11', 30, 2),
('2014-01-11', 145, 2),
('2014-01-12', 30, 2),
('2014-01-16', 30, 2),
('2014-01-17', 30, 2),
('2014-01-22', 30, 2),
('2014-01-27', 30, 4);

-- --------------------------------------------------------

--
-- Table structure for table `ingredient`
--

CREATE TABLE IF NOT EXISTS `ingredient` (
  `ingredient_id` int(11) NOT NULL AUTO_INCREMENT,
  `ingredient_name` text NOT NULL,
  `ingredient_unit` text NOT NULL,
  `ingredient_stock` float NOT NULL DEFAULT '0',
  `ingredient_price` double NOT NULL,
  `ingredient_category` text NOT NULL,
  PRIMARY KEY (`ingredient_id`)
) ENGINE=InnoDB  DEFAULT CHARSET=utf8 AUTO_INCREMENT=344 ;

--
-- Dumping data for table `ingredient`
--

INSERT INTO `ingredient` (`ingredient_id`, `ingredient_name`, `ingredient_unit`, `ingredient_stock`, `ingredient_price`, `ingredient_category`) VALUES
(1, 'পোলাও চাউল', 'কেজি', 0, 10, ''),
(2, 'ঘি', 'কেজি', 0, 10, ''),
(3, 'সয়াবিন তেল', 'লিটার', 0, 10, ''),
(4, 'পেঁয়াজ', 'কেজি', 0, 10, ''),
(5, 'আদা', 'কেজি', 0, 10, ''),
(6, 'রসুন', 'কেজি', 0, 10, ''),
(7, 'শুকনামরিচ', 'কেজি', 0, 10, ''),
(8, 'জিরা', 'কেজি', 0, 10, ''),
(9, 'পোস্তদানা', 'কেজি', 0, 10, ''),
(10, 'দারুচিনি', 'কেজি', 0, 10, ''),
(11, 'লবঙ্গ', 'কেজি', 0, 10, ''),
(12, 'জয়ফল', 'পিস', 0, 10, ''),
(13, 'জত্রিক', 'কেজি', 0, 10, ''),
(14, 'আলুবোখরা', 'কেজি', 0, 10, ''),
(15, 'কিসমিস', 'কেজি', 0, 10, ''),
(16, 'জর্দা রং', 'কেজি', 0, 10, ''),
(17, 'শাহী জিরা', 'কেজি', 0, 10, ''),
(18, 'গোলাপজল', 'পিস', 0, 10, ''),
(19, 'কেওড়াজল', 'পিস', 0, 10, ''),
(20, 'জাফরান', 'গ্রাম', 0, 10, ''),
(21, 'পেস্তাবাদাম', 'কেজি', 0, 10, ''),
(22, 'সাদা গোলমরিচ', 'কেজি', 0, 10, ''),
(23, 'লবন', 'কেজি', 0, 10, ''),
(24, 'ডিপ্লোমা দুধ', 'কেজি', 0, 10, ''),
(25, 'টমেটোসস', 'পিস', 0, 10, ''),
(26, 'চিনাবাদাম', 'কেজি', 0, 10, ''),
(27, 'আটা', 'কেজি', 0, 10, ''),
(28, 'টেস্টিংসল্ট', 'কেজি', 0, 10, ''),
(29, 'মিনিসাবান', 'পিস', 0, 10, ''),
(30, 'হুইলসাবান', 'পিস', 0, 10, 'Miscellaneous'),
(31, 'ন্যাপকিন পেপার', 'প্যাকেট', 0, 10, ''),
(32, 'খাসির মাংস', 'কেজি', 0, 10, ''),
(33, 'মাওয়া', 'কেজি', 0, 10, ''),
(34, 'মালাই', 'কেজি', 0, 10, ''),
(35, 'টকদই', 'কেজি', 0, 10, ''),
(36, 'আলু', 'কেজি', 0, 10, ''),
(37, 'কাঁচামরিচ', 'কেজি', 0, 10, ''),
(38, 'গামছা', 'পিস', 0, 10, ''),
(39, 'মার্কিন কাপড় (গজ)', 'পিস', 0, 10, ''),
(40, 'টুকরী', 'পিস', 0, 10, ''),
(41, 'কয়লা', 'কেজি', 0, 10, ''),
(42, 'কাবাব চিনি', 'কেজি', 0, 10, ''),
(43, 'এলাচি', 'কেজি', 0, 10, ''),
(44, 'কাঠবাদাম', 'কেজি', 0, 10, ''),
(45, 'লিকুইড সাবান', 'পিস', 0, 10, ''),
(46, 'মিনিকেট চাল', 'কেজি', 0, 10, '44'),
(47, 'কাটারি চাউল', 'কেজি', 0, 10, ''),
(48, 'নাজিরশাইল চাউল', 'কেজি', 0, 10, ''),
(49, 'বাসমতি চাউল', 'কেজি', 0, 10, ''),
(50, 'মসুর ডাল', 'কেজি', 0, 10, ''),
(51, 'মুগ ডাল', 'কেজি', 0, 10, ''),
(52, 'বুটের ডাল', 'কেজি', 0, 10, ''),
(53, 'ডাবরির ডাল', 'কেজি', 0, 10, ''),
(54, 'বাটারওয়েল', 'কেজি', 0, 10, ''),
(55, 'সরিষার তেল', 'লিটার', 0, 10, ''),
(56, 'শুকনামরিচ গুড়া', 'কেজি', 0, 10, ''),
(57, 'হলুদ গুড়া', 'কেজি', 0, 10, ''),
(58, 'ধনিয়া আস্তা', 'কেজি', 0, 10, ''),
(59, 'ধনিয়া গুড়া', 'কেজি', 0, 10, ''),
(60, 'বড় এলাচি', 'কেজি', 0, 10, ''),
(61, 'তেছপাতা', 'কেজি', 0, 10, ''),
(62, 'সরিষা সাদা', 'কেজি', 0, 10, ''),
(63, 'সাদা গোলমরিচ গুড়া', 'কেজি', 0, 10, ''),
(64, 'বিটলবণ', 'কেজি', 0, 10, ''),
(65, 'মোরব্বা', 'কেজি', 0, 10, ''),
(66, 'চিলিসস', 'পিস', 0, 10, ''),
(67, 'খেজুরগুড়', 'কেজি', 0, 10, ''),
(68, 'সয়াসস', 'পিস', 0, 10, ''),
(69, 'টোস্টবিস্কুট', 'কেজি', 0, 10, ''),
(70, 'চিনি', 'কেজি', 0, 10, ''),
(71, 'মুরগীর ডিম', 'পিস', 0, 10, ''),
(72, 'হাঁসের ডিম', 'পিস', 0, 10, ''),
(73, 'গরুর মাংস', 'কেজি', 0, 10, ''),
(74, 'মুরগী', 'পিস', 0, 10, ''),
(75, 'রুইমাছ', 'কেজি', 0, 10, ''),
(76, 'কাতলমাছ', 'কেজি', 0, 10, ''),
(77, 'ইলিশমাছ', 'কেজি', 0, 10, ''),
(78, 'রুপচাঁন্দা মাছ', 'কেজি', 0, 10, ''),
(79, 'দেশি রুইমাছ', 'কেজি', 0, 10, ''),
(80, 'দেশি কাতলমাছ', 'কেজি', 0, 10, ''),
(81, 'নলামাছ', 'কেজি', 0, 10, ''),
(82, 'কাচকি মাছ', 'কেজি', 0, 10, ''),
(83, 'মলামাছ', 'কেজি', 0, 10, ''),
(84, 'ছোট চিংড়িমাছ', 'কেজি', 0, 10, ''),
(85, 'মাঝারি চিংড়িমাছ', 'কেজি', 0, 10, ''),
(86, 'বড় চিংড়িমাছ', 'কেজি', 0, 10, ''),
(87, 'শুটকি মাছ', 'কেজি', 0, 10, ''),
(88, 'শরপুটি মাছ', 'কেজি', 0, 10, ''),
(89, 'শৈল মাছ', 'কেজি', 0, 10, ''),
(90, 'টাকিমাছ', 'কেজি', 0, 10, ''),
(91, 'টেংরামাছ', 'কেজি', 0, 10, ''),
(92, 'পাবদামাছ', 'কেজি', 0, 10, ''),
(93, 'বোয়ালমাছ', 'কেজি', 0, 10, ''),
(94, 'কৈ মাছ', 'কেজি', 0, 10, ''),
(95, 'আইড়মাছ', 'কেজি', 0, 10, ''),
(96, 'তেলাপিয়া মাছ', 'কেজি', 0, 10, ''),
(97, 'বাইমমাছ', 'কেজি', 0, 10, ''),
(98, 'লেবু', 'পিস', 0, 10, ''),
(99, 'শসা', 'কেজি', 0, 10, ''),
(100, 'গাজর', 'কেজি', 0, 10, ''),
(101, 'বরবটি', 'কেজি', 0, 10, ''),
(102, 'গোল বেগুন', 'কেজি', 0, 10, ''),
(103, 'পালংশাক', 'কেজি', 0, 10, ''),
(104, 'লালশাক', 'কেজি', 0, 10, ''),
(105, 'লাউ শাক', 'কেজি', 0, 10, ''),
(106, 'কুমড়াশাক', 'কেজি', 0, 10, ''),
(107, 'পুঁইশাক', 'কেজি', 0, 10, ''),
(108, 'মটরশুটি', 'কেজি', 0, 10, ''),
(109, 'লাউ', 'পিস', 0, 10, ''),
(110, 'মিষ্টি কুমড়া', 'কেজি', 0, 10, ''),
(111, 'কাঁচা পেঁপে', 'কেজি', 0, 10, ''),
(112, 'পাকা পেঁপে', 'কেজি', 0, 10, ''),
(113, 'কাঁচা টমেটো', 'কেজি', 0, 10, ''),
(114, 'পাকা টমেটো', 'কেজি', 0, 10, ''),
(115, 'ধনিয়া পাতা', 'কেজি', 0, 10, ''),
(116, 'পুদিনা পাতা', 'কেজি', 0, 10, ''),
(117, 'সীম', 'কেজি', 0, 10, ''),
(118, 'পটল', 'কেজি', 0, 10, ''),
(119, 'ফুলকপি', 'পিস', 0, 10, ''),
(120, 'পাতাকপি', 'পিস', 0, 10, ''),
(121, 'চিচিঙ্গা', 'কেজি', 0, 10, ''),
(122, 'করলা', 'কেজি', 0, 10, ''),
(123, 'কাঁকরোল', 'কেজি', 0, 10, ''),
(124, 'বিট', 'কেজি', 0, 10, ''),
(125, 'লতি', 'কেজি', 0, 10, ''),
(126, 'ভেনডি', 'কেজি', 0, 10, ''),
(127, 'কচুরমুখী', 'কেজি', 0, 10, ''),
(128, 'ইন্ডিয়ান পেঁয়াজ', 'কেজি', 0, 10, ''),
(129, 'নতুন আলু', 'কেজি', 0, 10, ''),
(130, 'ক্যাপসিকাম', 'কেজি', 0, 10, ''),
(131, 'এরারুট', 'কেজি', 0, 10, ''),
(132, 'মিনিসাবান (লাক্স/কসকো)', 'পিস', 0, 10, ''),
(133, 'জেট', 'পিস', 0, 10, ''),
(134, 'বড় পাউরুট', 'পিস', 0, 10, ''),
(135, 'ছোট পাউরুট', 'পিস', 0, 10, ''),
(136, 'এরোসল', 'পিস', 0, 10, ''),
(137, 'প্লাস্টিকবাটি', 'পিস', 0, 10, ''),
(138, 'নেটেরব্যাগ', 'পিস', 0, 10, ''),
(139, 'বাশপাতার খাম', 'পিস', 0, 10, ''),
(140, 'ওয়ানটাইম গ্লাস', 'পিস', 0, 10, ''),
(141, 'ফিরনি কাপ', 'পিস', 0, 10, ''),
(142, 'ফিরনি চামচ', 'পিস', 0, 10, ''),
(143, 'ডাস্টার', 'পিস', 0, 10, ''),
(144, 'বরফ', 'কেজি', 0, 10, ''),
(145, 'হোগলা', 'পিস', 0, 10, 'Miscellaneous'),
(146, 'স্পিট', 'লিটার', 0, 10, ''),
(147, 'মিল্কভিটা ঘি', 'কেজি', 0, 10, ''),
(148, 'পাঁচপুরণ', 'কেজি', 0, 10, ''),
(149, 'ময়দা', 'কেজি', 0, 10, ''),
(150, 'বাটার', 'কেজি', 0, 10, ''),
(151, 'ডাল্ডা', 'কেজি', 0, 10, ''),
(152, 'টি ব্যাগ', 'পিস', 0, 10, ''),
(153, 'ড্যানিশ', 'পিস', 0, 10, ''),
(154, 'স্টারশিপ', 'পিস', 0, 10, ''),
(155, 'ইস্ট', 'কেজি', 0, 10, ''),
(156, 'প্রাণ টমেটোসস', 'পিস', 0, 10, ''),
(157, 'জেলি', 'পিস', 0, 10, ''),
(159, 'পলিব্যাগ', 'পিস', 0, 10, ''),
(160, 'বেকিং পাউডার', 'পিস', 0, 10, ''),
(161, 'কফি', 'পিস', 10, 10, ''),
(162, 'কেজি হিসাবে কফি', 'কেজি', 0, 10, ''),
(163, 'ম্যাগি নুডুলস ফ্যামিলি প্যাক', 'প্যাকেট', 0, 10, ''),
(164, 'কাজুবাদাম', 'কেজি', 0, 10, ''),
(165, 'লেক্সাস বিস্কুট', 'প্যাকেট', 0, 10, ''),
(166, 'চেরিফল', 'পিস', 0, 10, ''),
(167, 'রাজভোগ মিষ্টি', 'কেজি', 0, 10, ''),
(168, 'সন্দেশ', 'কেজি', 0, 10, ''),
(169, 'কাঁচাছানাসন্দেশ', 'কেজি', 0, 10, ''),
(170, 'কাপদই', 'পিস', 0, 10, ''),
(171, 'চমচম', 'কেজি', 0, 10, ''),
(172, 'মিষ্টিদই', 'পিস', 0, 10, ''),
(173, 'রসমালাই', 'কেজি', 0, 10, ''),
(174, 'আইচক্রীম', 'পিস', 0, 10, ''),
(175, 'লাড্ডু', 'কেজি', 0, 10, ''),
(176, 'তেঁতুল', 'কেজি', 0, 10, ''),
(177, 'কালোজাম', 'কেজি', 0, 10, ''),
(178, 'কমলা', 'পিস', 0, 10, ''),
(179, 'আপেল', 'পিস', 0, 10, ''),
(180, 'আঙ্গুর', 'কেজি', 0, 10, ''),
(181, 'আনার', 'কেজি', 0, 10, ''),
(182, 'আনারস', 'পিস', 0, 10, ''),
(183, 'সবরি কলা', 'পিস', 0, 10, ''),
(184, 'সাগরকলা', 'পিস', 0, 10, ''),
(185, 'বাংলাকলা', 'পিস', 0, 10, ''),
(186, 'বড় কমলা', 'পিস', 0, 10, ''),
(187, 'ছোট কমলা', 'পিস', 0, 10, ''),
(188, 'মাঝারি কমলা', 'পিস', 0, 10, ''),
(189, 'সবুজ আপেল', 'পিস', 0, 10, ''),
(190, 'লাল আপেল', 'পিস', 0, 10, ''),
(191, 'লাল আঙ্গুর', 'কেজি', 0, 10, ''),
(192, 'সবুজ আঙ্গুল', 'কেজি', 0, 10, ''),
(193, 'ছফেদা', 'কেজি', 0, 10, ''),
(194, 'কামরাঙ্গা', 'কেজি', 0, 10, ''),
(195, 'আমড়া', 'কেজি', 0, 10, ''),
(196, 'আমড়া পিচ', 'পিস', 0, 10, ''),
(197, 'কদবেল', 'পিস', 0, 10, ''),
(198, 'বেল', 'পিস', 0, 10, ''),
(199, 'পেয়ারা', 'কেজি', 0, 10, ''),
(200, 'বাঙ্গি', 'কেজি', 0, 10, ''),
(201, 'তরমুজ', 'পিস', 0, 10, ''),
(202, 'তরমুজ (কেজি)', 'কেজি', 0, 10, ''),
(203, 'বরই', 'কেজি', 0, 10, ''),
(204, 'আমলকি', 'কেজি', 0, 10, ''),
(205, 'লিচু', 'পিস', 0, 10, ''),
(206, 'জাম', 'কেজি', 0, 10, ''),
(207, 'নারকেল', 'পিস', 0, 10, ''),
(208, 'ডাব', 'পিস', 0, 10, ''),
(209, 'জামবুরা', 'পিস', 0, 10, ''),
(210, 'পাকা আম', 'কেজি', 0, 10, ''),
(211, 'কাঁচা আম', 'কেজি', 0, 10, ''),
(212, 'কাঁঠাল', 'পিস', 0, 10, ''),
(213, 'মামপানি 500 মিলি ', 'মিলিলিটার', 0, 10, ''),
(214, 'মামপানি 1500 মিলি', 'মিলিলিটার', 0, 10, ''),
(215, 'মুক্তাপানি 500 মিলি', 'মিলিলিটার', 0, 10, ''),
(216, 'ফ্রেশপানি 500 মিলি', 'মিলিলিটার', 0, 10, ''),
(217, 'ফ্রেশপানি 2 লিটার', 'লিটার', 0, 10, ''),
(218, 'পানির জার', 'পিস', 0, 10, ''),
(219, 'কোক', 'পিস', 0, 10, ''),
(220, 'স্প্রাইট', 'পিস', 0, 10, ''),
(221, 'আরসিকোলা', 'পিস', 0, 10, ''),
(222, 'পেপসি', 'পিস', 0, 10, ''),
(223, 'মোজো', 'পিস', 0, 10, ''),
(224, 'ইফাদ পানি', 'পিস', 0, 10, ''),
(225, 'খাসির কিমা', 'কেজি', 0, 10, ''),
(226, 'খাসির মাথা', 'পিস', 0, 10, ''),
(227, 'খাসির কলিজা', 'পিস', 0, 10, ''),
(228, 'খাসির পায়া', 'পিস', 0, 10, ''),
(230, 'গরুর পায়া', 'পিস', 0, 10, ''),
(231, 'গরুর কিমা', 'কেজি', 0, 10, ''),
(232, 'গরুর ভুড়ি', 'কেজি', 0, 10, ''),
(233, 'খাসির ভুড়ি', 'কেজি', 0, 10, ''),
(234, 'খাসির ভুড়ি পিচ', 'পিস', 0, 10, ''),
(235, 'দেশি মুরগী', 'পিস', 0, 10, ''),
(236, 'পাকিস্থানি মুরগী', 'পিস', 0, 10, ''),
(237, 'ব্রয়লার মুরগী', 'কেজি', 0, 10, ''),
(238, 'ব্রয়লার মুরগীর কিমা', 'কেজি', 0, 10, ''),
(239, 'ব্রয়লার মুরগীর মাংস', 'কেজি', 0, 10, ''),
(240, 'রয়নামাছ', 'কেজি', 0, 10, ''),
(241, 'কুড়ালমাছ', 'কেজি', 0, 10, ''),
(242, 'কাকলামাছ', 'কেজি', 0, 10, ''),
(243, 'কাজলিমাছ', 'কেজি', 0, 10, ''),
(244, 'পাঙ্গাশমাছ', 'কেজি', 0, 10, ''),
(245, 'শিংমাছ', 'কেজি', 0, 10, ''),
(246, 'মাগুরমাছ', 'কেজি', 0, 10, ''),
(247, 'ভেটকিমাছ', 'কেজি', 0, 10, ''),
(248, 'চিতলমাছ', 'কেজি', 0, 10, ''),
(249, 'গজারমাছ', 'কেজি', 0, 10, ''),
(250, 'খসল্লামাছ', 'কেজি', 0, 10, ''),
(251, 'জামআলু', 'কেজি', 0, 10, ''),
(252, 'দেশি আলু', 'কেজি', 0, 10, ''),
(253, 'দেশি পেঁয়াজ', 'কেজি', 0, 10, ''),
(254, 'চায়না পেঁয়াজ', 'কেজি', 0, 10, ''),
(255, 'দেশি রসুন', 'কেজি', 0, 10, ''),
(256, 'ইন্ডিয়ান রসুন', 'কেজি', 0, 10, ''),
(257, 'দেশি আদা', 'কেজি', 0, 10, ''),
(258, 'চায়না আদা', 'কেজি', 0, 10, ''),
(259, 'এলাচি লেবু', 'পিস', 0, 10, ''),
(260, 'কচি শসা', 'কেজি', 0, 10, ''),
(261, 'খিরা', 'কেজি', 0, 10, ''),
(262, 'লম্বা বেগুন', 'কেজি', 0, 10, ''),
(263, 'মুলাশাক', 'কেজি', 0, 10, ''),
(264, 'সরিষা শাক', 'কেজি', 0, 10, ''),
(265, 'মিষ্টি কুমড়া পিচ', 'পিস', 0, 10, ''),
(266, 'সালাদপাতা', 'কেজি', 0, 10, ''),
(267, 'লেটুসপাতা', 'কেজি', 0, 10, ''),
(268, 'পেঁয়াজপাতা', 'কেজি', 0, 10, ''),
(269, 'বরফি সন্দেশ', 'কেজি', 0, 10, ''),
(270, 'মিষ্টিদই (কেজি)', 'কেজি', 0, 10, ''),
(271, 'সরটোস্ট', 'কেজি', 0, 10, ''),
(272, 'বুন্দিয়া', 'কেজি', 0, 10, ''),
(273, 'চটপটি', 'পিস', 0, 10, ''),
(274, 'ফুসকা', 'পিস', 0, 10, ''),
(275, 'মেওয়ানাইচ', 'কেজি', 0, 10, ''),
(276, 'ওয়েস্টারসস', 'পিস', 0, 10, ''),
(277, 'ছিছিওয়েল', 'পিস', 0, 10, ''),
(278, 'ফিসসস', 'পিস', 0, 10, ''),
(279, 'টিস্যু বক্স', 'পিস', 0, 10, ''),
(280, 'সরিষা লাল', 'কেজি', 0, 10, ''),
(281, 'পিপল', 'কেজি', 0, 10, ''),
(282, 'কলমী শাক', 'কেজি', 0, 10, ''),
(283, 'পনির', 'কেজি', 0, 10, ''),
(284, 'ছানা', 'কেজি', 0, 10, ''),
(285, 'তোয়ালে', 'পিস', 0, 10, ''),
(286, 'লাকড়ি', 'কেজি', 0, 10, ''),
(287, 'কেরোসিন তেল', 'লিটার', 0, 10, ''),
(288, 'লালমোহনগুটি', 'কেজি', 0, 10, ''),
(289, 'পুরাতন পেপার', 'কেজি', 0, 10, ''),
(290, 'ধুন্দল', 'কেজি', 0, 10, ''),
(291, 'ঝিঙ্গা', 'কেজি', 0, 10, ''),
(292, 'শালগম', 'কেজি', 0, 10, ''),
(293, 'মুলা', 'কেজি', 0, 10, ''),
(294, 'পেঁয়াজকালি', 'কেজি', 0, 10, ''),
(295, 'মাসকলাই', 'কেজি', 0, 10, ''),
(296, 'ভেনিলাসেন্ট', 'পিস', 0, 10, ''),
(298, 'মাশরুম (কৌটা)', 'পিস', 0, 10, ''),
(299, 'হোয়াইট পেপার গুড়া', 'কেজি', 10, 10, ''),
(300, 'কৃষানচিজ', 'কেজি', 0, 10, ''),
(301, 'ছোলা', 'কেজি', 0, 10, ''),
(302, 'বেসন', 'কেজি', 0, 10, ''),
(303, 'খাইসোডা', 'কেজি', 0, 10, ''),
(304, 'চাউলের গুড়া', 'কেজি', 0, 10, ''),
(305, 'ভিনেগার', 'পিস', 0, 10, ''),
(306, 'বিস্কুটের গুড়া', 'কেজি', 0, 10, ''),
(307, 'জালি', 'পিস', 0, 10, ''),
(308, 'থাইআদা', 'কেজি', 0, 10, ''),
(309, 'থাইপাতা', 'কেজি', 0, 10, ''),
(310, 'কর্নফ্লাওয়ার', 'পিস', 0, 10, ''),
(311, 'কর্নফ্লাওয়ার (পিস)', 'পিস', 0, 10, ''),
(312, 'কোকোলা নুডুলস', 'প্যাকেট', 0, 10, ''),
(313, 'হালিম মিক্সড', 'প্যাকেট', 0, 10, ''),
(314, 'শুকনামরিচ আস্তা', 'কেজি', 0, 10, ''),
(315, 'আঙ্গুর কালো', 'কেজি', 0, 10, ''),
(316, 'কাস্টার্ড পাউডার', 'পিস', 0, 10, ''),
(317, 'যত্রিক', 'কেজি', 0, 10, ''),
(318, 'ব্রয়লার মাংস বনলেস', 'কেজি', 0, 10, ''),
(319, 'কাঠি (শাসলিক)', 'পিস', 0, 10, ''),
(320, 'জিরা গুড়া', 'কেজি', 0, 10, ''),
(321, 'গরুর কলিজা', 'কেজি', 0, 10, ''),
(322, 'মাসকলাইয়ের ডাল', 'কেজি', 0, 10, ''),
(323, 'মার্কিন কাপড়', 'গজ', 0, 10, ''),
(325, 'কাগজ', 'রিম', 0, 10, ''),
(326, 'মাশরুম', 'কৌটা', 0, 10, ''),
(327, 'সাদা গোলমরিচ আস্তা', 'কেজি', 0, 10, ''),
(328, 'বস্তা হিসাবে কয়লা', 'বস্তা', 0, 10, ''),
(329, 'আস্তা সাদা গোলমরিচ', 'কেজি', 0, 10, ''),
(330, 'গোলবেগুন', 'কেজি', 0, 10, ''),
(331, 'গ্রীণ মাউন্টেন বাটারঅয়েল', 'কেজি', 0, 10, ''),
(332, 'গ্রীণ মাউন্টেন বাটারওয়েল', 'কেজি', 0, 10, ''),
(333, 'চিংড়িমাছ (1কেজি = 20 পিস)', 'কেজি', 0, 10, ''),
(334, 'ইলিশমাছ (800 গ্রাম সাইজ)', 'পিস', 0, 10, ''),
(335, 'আঙ্গুর সাদা', 'কেজি', 0, 10, ''),
(336, 'পাকা কলা', 'পিস', 0, 10, ''),
(337, 'রুপচান্দা (1 কেজি = 6 পিস)', 'কেজি', 0, 10, ''),
(338, 'মুরগী (1 কেজি = 4 পিস)', 'কেজি', 0, 10, ''),
(339, 'কাঁচাকলা', 'পিস', 0, 10, ''),
(340, 'ভেন্ডি', 'কেজি', 0, 10, ''),
(341, 'কাকরোল', 'কেজি', 0, 10, ''),
(342, 'স্যান্ডউইচপেপার', 'রিম', 0, 10, ''),
(343, 'আপেল (কেজি)', 'কেজি', 0, 10, '');

-- --------------------------------------------------------

--
-- Table structure for table `ingredient_transaction`
--

CREATE TABLE IF NOT EXISTS `ingredient_transaction` (
  `ingredient_id` int(11) NOT NULL,
  `quantity` int(11) NOT NULL,
  `date` date NOT NULL,
  `type` text NOT NULL,
  `person_name` text NOT NULL
) ENGINE=InnoDB DEFAULT CHARSET=utf8;

-- --------------------------------------------------------

--
-- Table structure for table `item`
--

CREATE TABLE IF NOT EXISTS `item` (
  `item_id` int(11) NOT NULL AUTO_INCREMENT,
  `item_name` text NOT NULL,
  `item_price` float DEFAULT NULL,
  PRIMARY KEY (`item_id`)
) ENGINE=InnoDB  DEFAULT CHARSET=utf8 AUTO_INCREMENT=112 ;

--
-- Dumping data for table `item`
--

INSERT INTO `item` (`item_id`, `item_name`, `item_price`) VALUES
(2, 'মিনিকেট চালের ভাত', NULL),
(5, 'কাটারিচালের ভাত', NULL),
(6, 'বাসমতিচালের ভাত', NULL),
(7, 'কাচ্চি বিরানী', NULL),
(8, 'পোলাও', NULL),
(9, 'মাটনতেহারী', NULL),
(10, 'রুইমাছ দোপেঁয়াজা', NULL),
(11, 'কাতলমাছ দোপেঁয়াজা', NULL),
(12, 'সবজি (মিক্সড)', NULL),
(13, 'ডাল', NULL),
(14, 'সালাদ', NULL),
(15, 'ফিরনি', NULL),
(16, 'মুরগীকারী/রেজালা', NULL),
(17, 'দই', NULL),
(18, 'ফ্রাইডরাইচ', NULL),
(19, 'চিকেনরোস্ট', NULL),
(20, 'চাইনিজ সবজি', NULL),
(21, 'বেগুনভাজা', NULL),
(22, 'খাসিরমাংস রেজালা', NULL),
(23, 'রুইমাছ ফ্রাই', NULL),
(24, 'মাটন কাবাব', NULL),
(25, 'বোরহানী', NULL),
(26, 'চিকেনবিরানী (3 পিচ চিকেন)', NULL),
(27, 'চিংড়িকারী', NULL),
(29, 'ভুনাখিচুরী', NULL),
(30, 'ইলিশমাছ দোপেঁয়াজা', NULL),
(32, 'আলুবোখরার চাটনী', NULL),
(33, 'ফ্রুটকাস্টার্ড', NULL),
(36, 'ডালচরচরী', NULL),
(37, 'রুপচান্দা দোপেঁয়াজা', NULL),
(38, 'চিকেনফ্রাই', NULL),
(39, 'চিকেনতন্দুরী', NULL),
(40, 'চিকেনশাশলিক', NULL),
(41, 'টাকিমাছ ভর্তা', NULL),
(42, 'চিংড়িমাছ ভর্তা', NULL),
(43, 'বেগুনভর্তা', NULL),
(44, 'শুটকীমাছভর্তা', NULL),
(45, 'পেঁপেভর্তা', NULL),
(46, 'আলুভর্তা', NULL),
(47, 'কাঁচাকলা ভর্তা', NULL),
(48, 'করলাভাজি', NULL),
(49, 'ভেন্ডিভাজি', NULL),
(50, 'কচুরমুখীঘোন্ট', NULL),
(51, 'লাউ-ডাল', NULL),
(52, 'লালশাকভাজি', NULL),
(54, 'কাকরোলভাজি', NULL),
(55, 'ব্রেড (বড়)', NULL),
(56, 'চিকেনবার্গার', NULL),
(59, 'ভেজিটেবলরোল', NULL),
(60, 'ভেজিটেবল পাকোড়া', NULL),
(61, 'ফ্রুটকেক', NULL),
(62, 'নরমালকেক', NULL),
(63, 'চিকেনপেটিস', NULL),
(65, 'চিকেনসমুচা', NULL),
(66, 'ভেজিটেবল সমুচা', NULL),
(67, 'ভেজিটেবল সিংঙ্গারা', NULL),
(68, 'কলিজা সিংঙ্গারা', NULL),
(69, 'ডোনাট', NULL),
(70, 'ড্যানিশ', NULL),
(71, 'চিকেনপিজা', NULL),
(72, 'ফ্রান্সটোস্ট', NULL),
(73, 'ছোলা', NULL),
(74, 'পেঁয়াজু', NULL),
(77, 'আলুর চপ', NULL),
(80, 'মাটনলপ', NULL),
(83, 'খাসির কলিজাভূনা', NULL),
(84, 'গরুর কলিজাভূনা', NULL),
(85, 'চিকেন স্প্রিরিংরোল', NULL),
(86, 'ফুসকা', NULL),
(87, 'চটপটি', NULL),
(88, 'মাটন হালিম', NULL),
(90, 'পরোটা', NULL),
(92, 'বসনিয়ারুটি', NULL),
(93, 'এ্যারাবিয়ান চিকেনবটিরেজালা', NULL),
(96, 'চিংড়ি চিলিকারী', NULL),
(97, 'ইলিশমাছ ফ্রাই', NULL),
(98, 'মেওয়ানাইচ সালাদ/রাশিয়ান সালাদ', NULL),
(99, 'ফ্রুটসালাদ', NULL),
(100, 'পুঁইশাকভাজি', NULL),
(101, 'চিকেনবন', NULL),
(102, 'চিকেনস্যান্ডউইচ', NULL),
(103, 'ভেজিটেবল পেটিস', NULL),
(104, 'বেগুনী', NULL),
(105, 'ডিমের চপ', NULL),
(106, 'ভেজিটেবল স্যুপ', NULL),
(107, 'চিকেন থাই স্যুপ', NULL),
(108, 'চিকেনকাটলেট', NULL),
(110, 'বুটের ডাল', NULL),
(111, 'পুডিং', NULL);

-- --------------------------------------------------------

--
-- Table structure for table `item_ingredient`
--

CREATE TABLE IF NOT EXISTS `item_ingredient` (
  `item_id` int(11) NOT NULL,
  `ingredient_id` int(11) NOT NULL,
  `people` int(11) NOT NULL,
  `quantity` double NOT NULL,
  PRIMARY KEY (`item_id`,`ingredient_id`),
  KEY `ingredient_id` (`ingredient_id`)
) ENGINE=InnoDB DEFAULT CHARSET=utf8;

--
-- Dumping data for table `item_ingredient`
--

INSERT INTO `item_ingredient` (`item_id`, `ingredient_id`, `people`, `quantity`) VALUES
(2, 46, 100, 18),
(5, 47, 100, 18),
(6, 49, 100, 16),
(7, 1, 100, 16),
(7, 2, 100, 1),
(7, 3, 100, 4),
(7, 4, 100, 4),
(7, 5, 100, 1),
(7, 6, 100, 0.4),
(7, 8, 100, 0.1),
(7, 10, 100, 0.1),
(7, 11, 100, 0.01),
(7, 12, 100, 2),
(7, 13, 100, 0.02),
(7, 14, 100, 0.4),
(7, 15, 100, 0.4),
(7, 16, 100, 0.04),
(7, 17, 100, 0.01),
(7, 18, 100, 2),
(7, 19, 100, 2),
(7, 20, 100, 2),
(7, 22, 100, 0.02),
(7, 23, 100, 2),
(7, 24, 100, 0.4),
(7, 25, 100, 1),
(7, 26, 100, 0.2),
(7, 27, 100, 2),
(7, 28, 100, 0.1),
(7, 32, 100, 32),
(7, 33, 100, 0.4),
(7, 34, 100, 1),
(7, 35, 100, 2),
(7, 36, 100, 6),
(7, 37, 100, 0.3),
(7, 41, 100, 10),
(7, 42, 100, 0.01),
(7, 43, 100, 0.1),
(7, 44, 100, 0.2),
(7, 56, 100, 0.2),
(7, 323, 100, 2),
(8, 1, 100, 18),
(8, 2, 100, 1),
(8, 3, 100, 1.6),
(8, 10, 100, 0.01),
(8, 11, 100, 0.01),
(8, 14, 100, 0.6),
(8, 15, 100, 0.6),
(8, 17, 100, 0.002),
(8, 18, 100, 2),
(8, 19, 100, 2),
(8, 20, 100, 0.2),
(8, 23, 100, 0.4),
(8, 24, 100, 0.5),
(8, 28, 100, 0.02),
(8, 37, 100, 0.2),
(8, 43, 100, 0.02),
(8, 44, 100, 0.04),
(9, 1, 100, 16),
(9, 2, 100, 1),
(9, 3, 100, 4),
(9, 4, 100, 4),
(9, 5, 100, 1.2),
(9, 6, 100, 0.4),
(9, 8, 100, 0.04),
(9, 9, 100, 0.1),
(9, 10, 100, 0.1),
(9, 11, 100, 0.01),
(9, 12, 100, 2),
(9, 13, 100, 0.02),
(9, 14, 100, 0.4),
(9, 15, 100, 0.4),
(9, 17, 100, 0.01),
(9, 18, 100, 2),
(9, 19, 100, 2),
(9, 20, 100, 2),
(9, 22, 100, 0.02),
(9, 23, 100, 1),
(9, 24, 100, 0.6),
(9, 26, 100, 0.3),
(9, 28, 100, 0.04),
(9, 32, 100, 25),
(9, 35, 100, 1),
(9, 37, 100, 1),
(9, 41, 100, 5),
(9, 43, 100, 0.04),
(9, 44, 100, 0.2),
(9, 207, 100, 2),
(10, 3, 100, 4),
(10, 4, 100, 3),
(10, 5, 100, 0.6),
(10, 6, 100, 0.4),
(10, 8, 100, 0.05),
(10, 23, 100, 1),
(10, 26, 100, 0.4),
(10, 28, 100, 0.02),
(10, 37, 100, 1),
(10, 44, 100, 0.2),
(10, 56, 100, 0.2),
(10, 57, 100, 0.2),
(10, 75, 100, 20),
(10, 114, 100, 4),
(10, 115, 100, 1),
(11, 3, 100, 4),
(11, 4, 100, 4),
(11, 5, 100, 0.6),
(11, 6, 100, 0.4),
(11, 8, 100, 0.1),
(11, 23, 100, 1),
(11, 26, 100, 0.4),
(11, 28, 100, 0.02),
(11, 37, 100, 1),
(11, 44, 100, 0.2),
(11, 56, 100, 0.2),
(11, 57, 100, 0.2),
(11, 76, 100, 18),
(11, 114, 100, 3),
(11, 115, 100, 0.5),
(12, 3, 100, 4),
(12, 4, 100, 2),
(12, 5, 100, 0.4),
(12, 6, 100, 0.2),
(12, 8, 100, 0.1),
(12, 23, 100, 1),
(12, 28, 100, 0.1),
(12, 36, 100, 6),
(12, 37, 100, 1),
(12, 57, 100, 0.1),
(12, 100, 100, 2),
(12, 101, 100, 2),
(12, 110, 100, 4),
(12, 111, 100, 6),
(12, 114, 100, 2),
(12, 115, 100, 0.4),
(12, 119, 100, 12),
(12, 121, 100, 6),
(12, 148, 100, 0.05),
(12, 314, 100, 0.1),
(13, 3, 100, 1),
(13, 4, 100, 1),
(13, 6, 100, 0.4),
(13, 23, 100, 0.6),
(13, 37, 100, 0.2),
(13, 50, 100, 3),
(13, 57, 100, 0.04),
(13, 115, 100, 0.2),
(13, 314, 100, 0.1),
(14, 37, 100, 1),
(14, 98, 100, 20),
(14, 99, 100, 5),
(14, 100, 100, 1),
(14, 114, 100, 2),
(15, 1, 100, 1),
(15, 2, 100, 0.5),
(15, 15, 100, 0.2),
(15, 18, 100, 1),
(15, 19, 100, 1),
(15, 20, 100, 10),
(15, 24, 100, 1),
(15, 43, 100, 0.01),
(15, 44, 100, 0.1),
(15, 70, 100, 3),
(16, 3, 100, 3),
(16, 4, 100, 3),
(16, 5, 100, 0.6),
(16, 6, 100, 0.2),
(16, 8, 100, 0.04),
(16, 10, 100, 0.04),
(16, 12, 100, 1),
(16, 13, 100, 0.01),
(16, 23, 100, 1),
(16, 24, 100, 0.2),
(16, 26, 100, 0.3),
(16, 35, 100, 1),
(16, 43, 100, 0.04),
(16, 44, 100, 0.2),
(16, 56, 100, 0.1),
(16, 57, 100, 0.1),
(16, 74, 100, 26),
(17, 172, 100, 12),
(18, 1, 100, 16),
(18, 3, 100, 2),
(18, 25, 100, 2),
(18, 28, 100, 0.3),
(18, 37, 100, 0.4),
(18, 66, 100, 5),
(18, 70, 100, 0.4),
(18, 72, 100, 30),
(18, 98, 100, 8),
(18, 100, 100, 2),
(18, 101, 100, 2),
(18, 268, 100, 2),
(18, 299, 100, 0.2),
(18, 331, 100, 1),
(19, 3, 100, 3),
(19, 4, 100, 2),
(19, 5, 100, 0.5),
(19, 6, 100, 0.2),
(19, 8, 100, 0.04),
(19, 10, 100, 0.04),
(19, 12, 100, 2),
(19, 13, 100, 0.02),
(19, 14, 100, 0.1),
(19, 15, 100, 0.1),
(19, 16, 100, 0.02),
(19, 18, 100, 1),
(19, 19, 100, 1),
(19, 20, 100, 1),
(19, 23, 100, 1),
(19, 24, 100, 0.2),
(19, 25, 100, 1),
(19, 26, 100, 0.2),
(19, 33, 100, 0.2),
(19, 35, 100, 0.5),
(19, 37, 100, 0.4),
(19, 43, 100, 0.04),
(19, 44, 100, 0.2),
(19, 56, 100, 0.1),
(19, 74, 100, 26),
(19, 327, 100, 0.02),
(20, 3, 100, 3),
(20, 4, 100, 1),
(20, 5, 100, 0.2),
(20, 6, 100, 0.1),
(20, 22, 100, 0.04),
(20, 23, 100, 0.4),
(20, 28, 100, 0.2),
(20, 29, 100, 2),
(20, 36, 100, 2),
(20, 37, 100, 0.2),
(20, 68, 100, 1),
(20, 70, 100, 0.2),
(20, 100, 100, 2),
(20, 101, 100, 2),
(20, 111, 100, 5),
(20, 119, 100, 8),
(20, 120, 100, 4),
(20, 121, 100, 3),
(20, 130, 100, 0.5),
(20, 131, 100, 0.4),
(20, 237, 100, 2),
(20, 282, 100, 2),
(21, 3, 100, 6),
(21, 23, 100, 0.6),
(21, 56, 100, 0.1),
(21, 57, 100, 0.2),
(21, 330, 100, 15),
(22, 3, 100, 2),
(22, 4, 100, 3),
(22, 5, 100, 0.5),
(22, 6, 100, 0.2),
(22, 8, 100, 0.04),
(22, 10, 100, 0.04),
(22, 12, 100, 2),
(22, 13, 100, 0.02),
(22, 14, 100, 0.2),
(22, 22, 100, 0.02),
(22, 23, 100, 1),
(22, 26, 100, 0.2),
(22, 32, 100, 20),
(22, 35, 100, 1),
(22, 37, 100, 0.2),
(22, 43, 100, 0.04),
(22, 44, 100, 0.2),
(22, 56, 100, 0.1),
(22, 57, 100, 0.1),
(23, 3, 100, 5),
(23, 5, 100, 0.2),
(23, 6, 100, 0.2),
(23, 23, 100, 0.5),
(23, 56, 100, 0.1),
(23, 57, 100, 0.1),
(23, 71, 100, 10),
(23, 75, 100, 20),
(23, 305, 100, 1),
(24, 3, 100, 4),
(24, 4, 100, 2),
(24, 5, 100, 0.4),
(24, 6, 100, 0.2),
(24, 8, 100, 0.04),
(24, 10, 100, 0.04),
(24, 12, 100, 2),
(24, 13, 100, 0.01),
(24, 22, 100, 0.02),
(24, 23, 100, 0.5),
(24, 25, 100, 1),
(24, 28, 100, 0.02),
(24, 37, 100, 0.5),
(24, 43, 100, 0.04),
(24, 56, 100, 0.1),
(24, 69, 100, 1),
(24, 71, 100, 15),
(24, 115, 100, 1),
(24, 116, 100, 0.5),
(24, 134, 100, 2),
(24, 225, 100, 3),
(25, 8, 100, 0.2),
(25, 23, 100, 0.2),
(25, 25, 100, 1),
(25, 35, 100, 40),
(25, 37, 100, 0.5),
(25, 58, 100, 0.1),
(25, 62, 100, 0.2),
(25, 64, 100, 0.2),
(25, 70, 100, 4),
(25, 115, 100, 0.6),
(25, 116, 100, 0.4),
(25, 144, 100, 1),
(25, 327, 100, 0.1),
(26, 1, 100, 16),
(26, 2, 100, 3),
(26, 3, 100, 4),
(26, 4, 100, 6),
(26, 5, 100, 1),
(26, 6, 100, 0.5),
(26, 8, 100, 0.04),
(26, 10, 100, 0.1),
(26, 11, 100, 0.01),
(26, 12, 100, 2),
(26, 13, 100, 0.02),
(26, 14, 100, 0.6),
(26, 15, 100, 0.6),
(26, 17, 100, 0.01),
(26, 18, 100, 2),
(26, 19, 100, 2),
(26, 20, 100, 2),
(26, 22, 100, 0.02),
(26, 23, 100, 1),
(26, 24, 100, 0.8),
(26, 26, 100, 0.4),
(26, 33, 100, 0.4),
(26, 35, 100, 2),
(26, 37, 100, 0.6),
(26, 41, 100, 5),
(26, 43, 100, 0.05),
(26, 44, 100, 0.3),
(26, 74, 100, 77),
(26, 145, 100, 2),
(26, 207, 100, 2),
(27, 3, 100, 4),
(27, 4, 100, 4),
(27, 5, 100, 0.5),
(27, 6, 100, 0.2),
(27, 8, 100, 0.04),
(27, 26, 100, 0.2),
(27, 37, 100, 0.5),
(27, 44, 100, 0.2),
(27, 56, 100, 0.1),
(27, 57, 100, 0.1),
(27, 114, 100, 2),
(27, 115, 100, 0.4),
(27, 333, 100, 12),
(29, 1, 100, 12),
(29, 2, 100, 1),
(29, 3, 100, 4),
(29, 4, 100, 2),
(29, 5, 100, 0.4),
(29, 6, 100, 0.4),
(29, 8, 100, 0.05),
(29, 10, 100, 0.05),
(29, 23, 100, 1),
(29, 37, 100, 0.5),
(29, 43, 100, 0.05),
(29, 51, 100, 6),
(29, 56, 100, 0.1),
(29, 57, 100, 0.1),
(30, 3, 100, 4),
(30, 4, 100, 4),
(30, 23, 100, 0.5),
(30, 26, 100, 0.2),
(30, 37, 100, 0.5),
(30, 44, 100, 0.2),
(30, 56, 100, 0.1),
(30, 57, 100, 0.1),
(30, 114, 100, 2),
(30, 115, 100, 0.5),
(30, 334, 100, 16),
(32, 8, 100, 0.1),
(32, 14, 100, 1),
(32, 15, 100, 1),
(32, 25, 100, 1),
(32, 37, 100, 0.2),
(32, 55, 100, 1),
(32, 70, 100, 2),
(32, 115, 100, 0.2),
(32, 116, 100, 0.2),
(32, 148, 100, 0.1),
(32, 176, 100, 1),
(33, 24, 100, 3),
(33, 70, 100, 4),
(33, 112, 100, 6),
(33, 144, 100, 2),
(33, 179, 100, 6),
(33, 210, 100, 4),
(33, 315, 100, 2),
(33, 316, 100, 4),
(33, 335, 100, 2),
(33, 336, 100, 20),
(36, 3, 100, 2),
(36, 4, 100, 2),
(36, 23, 100, 0.6),
(36, 37, 100, 0.5),
(36, 50, 100, 5),
(36, 57, 100, 0.1),
(36, 115, 100, 0.5),
(37, 3, 100, 6),
(37, 4, 100, 4),
(37, 5, 100, 0.4),
(37, 6, 100, 0.4),
(37, 23, 100, 1),
(37, 26, 100, 0.4),
(37, 37, 100, 0.5),
(37, 44, 100, 0.2),
(37, 56, 100, 0.2),
(37, 57, 100, 0.1),
(37, 114, 100, 1),
(37, 115, 100, 0.2),
(37, 337, 100, 18),
(38, 3, 100, 6),
(38, 4, 100, 2),
(38, 5, 100, 0.4),
(38, 6, 100, 0.2),
(38, 10, 100, 0.1),
(38, 26, 100, 0.2),
(38, 28, 100, 0.1),
(38, 37, 100, 0.5),
(38, 43, 100, 0.04),
(38, 44, 100, 0.2),
(38, 56, 100, 0.1),
(38, 63, 100, 0.1),
(38, 71, 100, 30),
(38, 131, 100, 0.1),
(38, 317, 100, 0.02),
(38, 338, 100, 26),
(39, 4, 100, 2),
(39, 5, 100, 0.4),
(39, 6, 100, 0.2),
(39, 16, 100, 0.04),
(39, 23, 100, 0.5),
(39, 26, 100, 0.4),
(39, 42, 100, 0.04),
(39, 44, 100, 0.2),
(39, 55, 100, 2),
(39, 56, 100, 0.2),
(39, 281, 100, 0.04),
(39, 338, 100, 26),
(40, 4, 100, 2),
(40, 5, 100, 0.2),
(40, 6, 100, 0.2),
(40, 8, 100, 0.04),
(40, 28, 100, 0.2),
(40, 63, 100, 0.4),
(40, 71, 100, 30),
(40, 100, 100, 2),
(40, 114, 100, 4),
(40, 130, 100, 1),
(40, 131, 100, 1),
(40, 318, 100, 6),
(40, 319, 100, 100),
(41, 3, 100, 2),
(41, 4, 100, 5),
(41, 5, 100, 0.4),
(41, 6, 100, 0.5),
(41, 23, 100, 1),
(41, 37, 100, 1),
(41, 55, 100, 0.5),
(41, 57, 100, 0.05),
(41, 90, 100, 8),
(41, 115, 100, 0.4),
(42, 3, 100, 2),
(42, 4, 100, 6),
(42, 5, 100, 0.4),
(42, 6, 100, 0.4),
(42, 23, 100, 1),
(42, 37, 100, 1),
(42, 55, 100, 0.5),
(42, 57, 100, 0.1),
(42, 84, 100, 5),
(43, 4, 100, 2),
(43, 7, 100, 0.4),
(43, 23, 100, 0.6),
(43, 55, 100, 0.5),
(43, 115, 100, 0.4),
(43, 330, 100, 10),
(44, 3, 100, 1),
(44, 4, 100, 6),
(44, 5, 100, 0.5),
(44, 6, 100, 0.5),
(44, 23, 100, 1),
(44, 37, 100, 1),
(44, 55, 100, 0.5),
(44, 87, 100, 3),
(44, 115, 100, 0.5),
(45, 4, 100, 1),
(45, 23, 100, 0.4),
(45, 37, 100, 0.5),
(45, 55, 100, 0.2),
(45, 111, 100, 10),
(46, 4, 100, 1),
(46, 7, 100, 0.4),
(46, 23, 100, 0.4),
(46, 36, 100, 8),
(46, 55, 100, 0.2),
(47, 4, 100, 1),
(47, 23, 100, 0.4),
(47, 37, 100, 0.5),
(47, 55, 100, 0.2),
(47, 339, 100, 80),
(48, 3, 100, 3),
(48, 4, 100, 2),
(48, 23, 100, 0.6),
(48, 36, 100, 4),
(48, 37, 100, 0.4),
(48, 57, 100, 0.2),
(48, 122, 100, 10),
(49, 3, 100, 3),
(49, 4, 100, 2),
(49, 23, 100, 0.6),
(49, 37, 100, 0.5),
(49, 57, 100, 0.2),
(49, 340, 100, 18),
(50, 3, 100, 2),
(50, 4, 100, 2),
(50, 23, 100, 0.6),
(50, 37, 100, 0.5),
(50, 57, 100, 0.2),
(50, 127, 100, 15),
(51, 3, 100, 2),
(51, 4, 100, 2),
(51, 23, 100, 0.6),
(51, 37, 100, 0.5),
(51, 50, 100, 2),
(51, 57, 100, 0.2),
(51, 109, 100, 14),
(52, 3, 100, 2),
(52, 4, 100, 2),
(52, 6, 100, 0.5),
(52, 23, 100, 0.6),
(52, 37, 100, 0.5),
(52, 104, 100, 25),
(54, 3, 100, 3),
(54, 4, 100, 2),
(54, 23, 100, 0.6),
(54, 36, 100, 4),
(54, 37, 100, 0.4),
(54, 57, 100, 0.2),
(54, 341, 100, 12),
(55, 3, 100, 0.8),
(55, 23, 100, 0.16),
(55, 24, 100, 0.05),
(55, 70, 100, 0.8),
(55, 71, 100, 8),
(55, 149, 100, 8.8),
(55, 151, 100, 0.1),
(55, 155, 100, 0.08),
(56, 3, 100, 5),
(56, 4, 100, 5),
(56, 5, 100, 0.3),
(56, 6, 100, 0.1),
(56, 23, 100, 0.14),
(56, 24, 100, 0.16),
(56, 25, 100, 1),
(56, 28, 100, 0.02),
(56, 37, 100, 0.4),
(56, 63, 100, 0.04),
(56, 70, 100, 0.8),
(56, 71, 100, 24),
(56, 115, 100, 0.2),
(56, 149, 100, 7),
(56, 155, 100, 0.07),
(56, 318, 100, 3),
(59, 3, 100, 2),
(59, 4, 100, 1.5),
(59, 23, 100, 0.13),
(59, 37, 100, 0.33),
(59, 71, 100, 30),
(59, 100, 100, 0.8),
(59, 101, 100, 1),
(59, 111, 100, 3),
(59, 120, 100, 3),
(59, 121, 100, 3),
(59, 131, 100, 1),
(59, 149, 100, 3),
(60, 3, 100, 2),
(60, 5, 100, 0.1),
(60, 6, 100, 0.1),
(60, 22, 100, 0.01),
(60, 23, 100, 0.05),
(60, 36, 100, 2),
(60, 37, 100, 0.2),
(60, 50, 100, 1),
(60, 71, 100, 5),
(60, 119, 100, 2),
(60, 120, 100, 4),
(60, 130, 100, 1),
(60, 134, 100, 1),
(60, 155, 100, 0.01),
(61, 15, 100, 0.25),
(61, 21, 100, 0.1),
(61, 24, 100, 0.05),
(61, 65, 100, 0.5),
(61, 70, 100, 1),
(61, 71, 100, 24),
(61, 149, 100, 1.2),
(61, 150, 100, 1),
(61, 160, 100, 1),
(61, 164, 100, 0.1),
(61, 166, 100, 0.25),
(61, 296, 100, 1),
(61, 325, 100, 0.2),
(62, 24, 100, 0.06),
(62, 70, 100, 1.25),
(62, 71, 100, 30),
(62, 149, 100, 1.25),
(62, 150, 100, 1.25),
(62, 160, 100, 1.25),
(62, 296, 100, 1.25),
(62, 325, 100, 0.25),
(63, 3, 100, 0.7),
(63, 4, 100, 4),
(63, 23, 100, 0.07),
(63, 24, 100, 0.07),
(63, 28, 100, 0.028),
(63, 63, 100, 0.014),
(63, 70, 100, 0.07),
(63, 71, 100, 9),
(63, 115, 100, 0.14),
(63, 149, 100, 3),
(63, 150, 100, 1.3),
(63, 151, 100, 1.11),
(63, 318, 100, 3.47),
(65, 3, 100, 2),
(65, 4, 100, 4),
(65, 8, 100, 0.05),
(65, 23, 100, 0.06),
(65, 37, 100, 0.1),
(65, 55, 100, 3),
(65, 71, 100, 3),
(65, 115, 100, 0.1),
(65, 149, 100, 3.5),
(65, 237, 100, 2.5),
(66, 3, 100, 2.5),
(66, 4, 100, 0.83),
(66, 5, 100, 0.165),
(66, 6, 100, 0.165),
(66, 8, 100, 0.08),
(66, 23, 100, 0.065),
(66, 37, 100, 0.165),
(66, 71, 100, 6),
(66, 100, 100, 0.83),
(66, 101, 100, 0.83),
(66, 111, 100, 3.33),
(66, 115, 100, 0.165),
(66, 121, 100, 3.33),
(66, 149, 100, 3.33),
(67, 3, 100, 2.85),
(67, 5, 100, 0.14),
(67, 6, 100, 0.14),
(67, 8, 100, 0.07),
(67, 23, 100, 0.05),
(67, 26, 100, 0.35),
(67, 36, 100, 5.7),
(67, 37, 100, 0.14),
(67, 115, 100, 0.14),
(67, 149, 100, 2.85),
(68, 3, 100, 2.855),
(68, 4, 100, 5.71),
(68, 5, 100, 0.14),
(68, 6, 100, 0.14),
(68, 8, 100, 0.07),
(68, 23, 100, 0.055),
(68, 37, 100, 0.14),
(68, 115, 100, 0.14),
(68, 149, 100, 2.855),
(68, 227, 100, 4),
(69, 3, 100, 1.4),
(69, 24, 100, 0.1),
(69, 70, 100, 0.4),
(69, 71, 100, 4),
(69, 149, 100, 4),
(69, 155, 100, 0.08),
(69, 157, 100, 3),
(69, 184, 100, 16),
(70, 3, 100, 0.6),
(70, 23, 100, 0.05),
(70, 24, 100, 0.06),
(70, 70, 100, 1.87),
(70, 71, 100, 2.5),
(70, 149, 100, 2.87),
(70, 150, 100, 1.25),
(70, 151, 100, 0.8),
(71, 2, 100, 0.25),
(71, 3, 100, 0.5),
(71, 4, 100, 5),
(71, 24, 100, 0.37),
(71, 25, 100, 1),
(71, 28, 100, 0.025),
(71, 63, 100, 0.025),
(71, 70, 100, 0.5),
(71, 71, 100, 10),
(71, 114, 100, 1.25),
(71, 115, 100, 0.25),
(71, 130, 100, 1.25),
(71, 149, 100, 5),
(71, 155, 100, 0.1),
(71, 237, 100, 3.5),
(71, 283, 100, 0.5),
(71, 300, 100, 0.5),
(71, 326, 100, 2),
(72, 2, 100, 0.33),
(72, 3, 100, 1.665),
(72, 4, 100, 1.665),
(72, 23, 100, 0.05),
(72, 24, 100, 0.5),
(72, 37, 100, 0.33),
(72, 63, 100, 0.05),
(72, 70, 100, 0.33),
(72, 71, 100, 90),
(72, 100, 100, 0.8),
(72, 114, 100, 0.8),
(72, 134, 100, 5),
(73, 3, 100, 2),
(73, 4, 100, 3),
(73, 5, 100, 0.1),
(73, 6, 100, 0.1),
(73, 10, 100, 0.025),
(73, 23, 100, 0.1),
(73, 36, 100, 3),
(73, 43, 100, 0.025),
(73, 56, 100, 0.02),
(73, 57, 100, 0.02),
(73, 301, 100, 5),
(73, 320, 100, 0.05),
(74, 3, 100, 2),
(74, 4, 100, 4),
(74, 37, 100, 0.3),
(74, 50, 100, 2),
(74, 115, 100, 0.2),
(74, 302, 100, 0.5),
(77, 3, 100, 3),
(77, 8, 100, 0.05),
(77, 16, 100, 0.01),
(77, 23, 100, 0.04),
(77, 28, 100, 0.02),
(77, 36, 100, 6),
(77, 56, 100, 0.2),
(77, 71, 100, 10),
(77, 115, 100, 0.4),
(77, 302, 100, 3),
(77, 303, 100, 0.04),
(77, 304, 100, 0.5),
(80, 2, 100, 0.2),
(80, 3, 100, 0.8),
(80, 4, 100, 0.5),
(80, 12, 100, 4),
(80, 24, 100, 0.2),
(80, 25, 100, 0.2),
(80, 28, 100, 0.08),
(80, 37, 100, 0.4),
(80, 63, 100, 0.04),
(80, 70, 100, 0.4),
(80, 71, 100, 26),
(80, 98, 100, 4),
(80, 99, 100, 2),
(80, 100, 100, 0.5),
(80, 149, 100, 4),
(80, 155, 100, 0.08),
(80, 225, 100, 2),
(80, 283, 100, 0.4),
(80, 300, 100, 0.4),
(83, 3, 100, 2),
(83, 4, 100, 3),
(83, 5, 100, 0.4),
(83, 6, 100, 0.2),
(83, 10, 100, 0.06),
(83, 23, 100, 0.6),
(83, 26, 100, 0.2),
(83, 36, 100, 2),
(83, 37, 100, 0.2),
(83, 43, 100, 0.04),
(83, 56, 100, 0.1),
(83, 57, 100, 0.1),
(83, 227, 100, 18),
(84, 3, 100, 2),
(84, 4, 100, 3),
(84, 5, 100, 0.4),
(84, 6, 100, 0.2),
(84, 10, 100, 0.06),
(84, 23, 100, 0.6),
(84, 26, 100, 0.2),
(84, 36, 100, 4),
(84, 37, 100, 0.2),
(84, 43, 100, 0.04),
(84, 56, 100, 0.1),
(84, 57, 100, 0.1),
(84, 321, 100, 12),
(85, 3, 100, 4),
(85, 4, 100, 4),
(85, 23, 100, 1),
(85, 37, 100, 0.2),
(85, 63, 100, 0.1),
(85, 71, 100, 20),
(85, 100, 100, 1),
(85, 111, 100, 4),
(85, 115, 100, 0.2),
(85, 131, 100, 1),
(85, 149, 100, 2),
(85, 312, 100, 6),
(85, 318, 100, 4),
(86, 4, 100, 2.5),
(86, 10, 100, 0.25),
(86, 23, 100, 0.25),
(86, 35, 100, 10),
(86, 37, 100, 1.25),
(86, 43, 100, 0.25),
(86, 53, 100, 6.25),
(86, 59, 100, 0.6),
(86, 115, 100, 0.6),
(86, 176, 100, 1.25),
(86, 274, 100, 625),
(87, 4, 100, 1),
(87, 10, 100, 0.25),
(87, 23, 100, 0.25),
(87, 35, 100, 10),
(87, 37, 100, 1.25),
(87, 43, 100, 0.25),
(87, 53, 100, 6.25),
(87, 59, 100, 0.6),
(87, 115, 100, 0.6),
(87, 176, 100, 1.25),
(87, 274, 100, 625),
(88, 1, 100, 0.5),
(88, 3, 100, 2),
(88, 4, 100, 2),
(88, 5, 100, 0.5),
(88, 6, 100, 0.2),
(88, 8, 100, 0.1),
(88, 10, 100, 0.05),
(88, 32, 100, 10),
(88, 37, 100, 0.5),
(88, 43, 100, 0.05),
(88, 50, 100, 0.2),
(88, 51, 100, 0.2),
(88, 58, 100, 0.1),
(88, 64, 100, 0.1),
(88, 98, 100, 10),
(88, 115, 100, 0.2),
(88, 176, 100, 0.25),
(88, 226, 100, 6),
(88, 313, 100, 20),
(88, 322, 100, 0.2),
(90, 3, 100, 3),
(90, 23, 100, 0.4),
(90, 24, 100, 0.2),
(90, 70, 100, 0.8),
(90, 71, 100, 10),
(90, 149, 100, 10),
(90, 160, 100, 1),
(92, 3, 100, 5),
(92, 23, 100, 0.5),
(92, 24, 100, 0.2),
(92, 70, 100, 1),
(92, 71, 100, 10),
(92, 149, 100, 10),
(92, 155, 100, 0.1),
(93, 3, 100, 2),
(93, 4, 100, 2),
(93, 5, 100, 0.5),
(93, 6, 100, 0.2),
(93, 10, 100, 0.05),
(93, 25, 100, 2),
(93, 26, 100, 0.2),
(93, 28, 100, 0.05),
(93, 37, 100, 0.5),
(93, 43, 100, 0.05),
(93, 63, 100, 0.05),
(93, 66, 100, 4),
(93, 70, 100, 0.5),
(93, 239, 100, 25),
(96, 3, 100, 2),
(96, 4, 100, 3),
(96, 5, 100, 0.5),
(96, 6, 100, 0.2),
(96, 8, 100, 0.04),
(96, 25, 100, 1),
(96, 26, 100, 0.2),
(96, 37, 100, 0.5),
(96, 44, 100, 0.2),
(96, 66, 100, 4),
(96, 70, 100, 0.2),
(96, 114, 100, 2),
(96, 115, 100, 0.4),
(96, 130, 100, 1.5),
(96, 131, 100, 0.5),
(96, 333, 100, 12),
(97, 3, 100, 4),
(97, 4, 100, 2),
(97, 23, 100, 0.5),
(97, 56, 100, 0.1),
(97, 57, 100, 0.1),
(97, 98, 100, 8),
(97, 266, 100, 1),
(97, 334, 100, 16),
(98, 28, 100, 0.02),
(98, 36, 100, 2),
(98, 37, 100, 0.1),
(98, 63, 100, 0.05),
(98, 70, 100, 0.5),
(98, 100, 100, 1),
(98, 260, 100, 5),
(98, 275, 100, 4),
(98, 343, 100, 4),
(99, 37, 100, 0.1),
(99, 63, 100, 0.1),
(99, 64, 100, 0.1),
(99, 70, 100, 1),
(99, 112, 100, 6),
(99, 181, 100, 1),
(99, 182, 100, 6),
(99, 315, 100, 1),
(99, 335, 100, 1),
(99, 343, 100, 6),
(100, 3, 100, 3),
(100, 4, 100, 2),
(100, 6, 100, 0.5),
(100, 23, 100, 0.6),
(100, 36, 100, 5),
(100, 37, 100, 0.5),
(100, 57, 100, 0.1),
(100, 107, 100, 25),
(101, 3, 100, 2.4),
(101, 4, 100, 4),
(101, 5, 100, 0.3),
(101, 6, 100, 0.1),
(101, 23, 100, 0.08),
(101, 24, 100, 0.4),
(101, 28, 100, 0.04),
(101, 37, 100, 0.04),
(101, 70, 100, 0.4),
(101, 71, 100, 4),
(101, 149, 100, 4.8),
(101, 155, 100, 0.05),
(101, 239, 100, 3),
(102, 2, 100, 0.1),
(102, 3, 100, 1.13),
(102, 24, 100, 0.13),
(102, 28, 100, 0.017),
(102, 63, 100, 0.03),
(102, 71, 100, 13),
(102, 98, 100, 4),
(102, 134, 100, 5),
(102, 239, 100, 3),
(102, 342, 100, 1),
(103, 2, 100, 0.125),
(103, 3, 100, 0.5),
(103, 4, 100, 0.625),
(103, 5, 100, 0.125),
(103, 6, 100, 0.125),
(103, 23, 100, 0.05),
(103, 24, 100, 0.15),
(103, 28, 100, 0.025),
(103, 36, 100, 2.5),
(103, 37, 100, 0.125),
(103, 70, 100, 0.125),
(103, 71, 100, 8),
(103, 100, 100, 0.6),
(103, 111, 100, 2.5),
(103, 115, 100, 0.125),
(103, 149, 100, 2.7),
(103, 150, 100, 1.25),
(103, 151, 100, 1),
(104, 3, 100, 2),
(104, 16, 100, 0.005),
(104, 71, 100, 2),
(104, 262, 100, 2),
(104, 302, 100, 2),
(104, 303, 100, 0.01),
(104, 304, 100, 0.5),
(105, 3, 100, 3),
(105, 23, 100, 0.1),
(105, 36, 100, 8),
(105, 55, 100, 0.4),
(105, 56, 100, 0.2),
(105, 71, 100, 26),
(105, 115, 100, 0.1),
(105, 306, 100, 2),
(105, 320, 100, 0.05),
(106, 6, 100, 0.6),
(106, 25, 100, 0.4),
(106, 28, 100, 0.4),
(106, 63, 100, 0.04),
(106, 111, 100, 4),
(106, 119, 100, 4),
(106, 120, 100, 4),
(106, 239, 100, 3),
(106, 277, 100, 2),
(106, 278, 100, 1),
(106, 307, 100, 8),
(106, 308, 100, 0.4),
(107, 6, 100, 0.6),
(107, 25, 100, 0.4),
(107, 28, 100, 0.04),
(107, 63, 100, 0.04),
(107, 68, 100, 2),
(107, 86, 100, 4),
(107, 239, 100, 6),
(107, 278, 100, 1),
(107, 308, 100, 0.4),
(107, 309, 100, 0.5),
(107, 311, 100, 6),
(108, 2, 100, 0.2),
(108, 3, 100, 1.5),
(108, 4, 100, 4),
(108, 5, 100, 0.1),
(108, 6, 100, 0.1),
(108, 12, 100, 2),
(108, 25, 100, 0.1),
(108, 37, 100, 0.2),
(108, 69, 100, 1.5),
(108, 100, 100, 0.5),
(108, 115, 100, 0.2),
(108, 116, 100, 0.1),
(108, 134, 100, 1),
(108, 149, 100, 0.3),
(108, 239, 100, 3),
(110, 3, 100, 2),
(110, 4, 100, 2),
(110, 5, 100, 0.2),
(110, 6, 100, 0.2),
(110, 8, 100, 0.05),
(110, 10, 100, 0.04),
(110, 37, 100, 0.5),
(110, 43, 100, 0.02),
(110, 52, 100, 2),
(110, 56, 100, 0.05),
(110, 57, 100, 0.05),
(110, 115, 100, 0.5),
(110, 148, 100, 0.04),
(110, 314, 100, 0.05),
(111, 2, 100, 0.2),
(111, 18, 100, 2),
(111, 19, 100, 2),
(111, 24, 100, 1.4),
(111, 70, 100, 5),
(111, 71, 100, 100);

-- --------------------------------------------------------

--
-- Table structure for table `market`
--

CREATE TABLE IF NOT EXISTS `market` (
  `date` date NOT NULL,
  `ingredient_id` int(11) NOT NULL,
  `probable_price` float NOT NULL,
  `actual_price` float NOT NULL,
  PRIMARY KEY (`date`,`ingredient_id`),
  KEY `ingredient_id` (`ingredient_id`)
) ENGINE=InnoDB DEFAULT CHARSET=utf8;

--
-- Dumping data for table `market`
--

INSERT INTO `market` (`date`, `ingredient_id`, `probable_price`, `actual_price`) VALUES
('2014-01-09', 1, 10, 0),
('2014-01-09', 2, 10, 0),
('2014-01-09', 3, 10, 0),
('2014-01-09', 4, 10, 0),
('2014-01-09', 5, 10, 0),
('2014-01-09', 6, 10, 0),
('2014-01-09', 7, 10, 0),
('2014-01-09', 8, 10, 0),
('2014-01-09', 10, 10, 0),
('2014-01-09', 11, 10, 0),
('2014-01-09', 12, 10, 0),
('2014-01-09', 13, 10, 0),
('2014-01-09', 14, 10, 0),
('2014-01-09', 15, 10, 0),
('2014-01-09', 16, 10, 0),
('2014-01-09', 17, 10, 0),
('2014-01-09', 18, 10, 0),
('2014-01-09', 19, 10, 0),
('2014-01-09', 20, 10, 0),
('2014-01-09', 22, 10, 0),
('2014-01-09', 23, 10, 0),
('2014-01-09', 24, 10, 0),
('2014-01-09', 25, 10, 0),
('2014-01-09', 26, 10, 0),
('2014-01-09', 28, 10, 0),
('2014-01-09', 29, 10, 0),
('2014-01-09', 32, 10, 0),
('2014-01-09', 33, 10, 0),
('2014-01-09', 35, 10, 0),
('2014-01-09', 36, 10, 0),
('2014-01-09', 37, 10, 0),
('2014-01-09', 42, 10, 0),
('2014-01-09', 43, 10, 0),
('2014-01-09', 44, 10, 0),
('2014-01-09', 46, 10, 0),
('2014-01-09', 50, 10, 0),
('2014-01-09', 55, 10, 0),
('2014-01-09', 56, 10, 0),
('2014-01-09', 57, 10, 0),
('2014-01-09', 66, 10, 0),
('2014-01-09', 68, 10, 0),
('2014-01-09', 70, 10, 0),
('2014-01-09', 71, 10, 0),
('2014-01-09', 72, 10, 0),
('2014-01-09', 74, 10, 0),
('2014-01-09', 98, 10, 0),
('2014-01-09', 99, 10, 0),
('2014-01-09', 100, 10, 0),
('2014-01-09', 101, 10, 0),
('2014-01-09', 110, 10, 0),
('2014-01-09', 111, 10, 0),
('2014-01-09', 112, 10, 0),
('2014-01-09', 114, 10, 0),
('2014-01-09', 115, 10, 0),
('2014-01-09', 119, 10, 0),
('2014-01-09', 120, 10, 0),
('2014-01-09', 121, 10, 0),
('2014-01-09', 130, 10, 0),
('2014-01-09', 131, 10, 0),
('2014-01-09', 144, 10, 0),
('2014-01-09', 148, 10, 0),
('2014-01-09', 149, 10, 0),
('2014-01-09', 160, 10, 0),
('2014-01-09', 172, 10, 0),
('2014-01-09', 179, 10, 0),
('2014-01-09', 210, 10, 0),
('2014-01-09', 237, 10, 0),
('2014-01-09', 268, 10, 0),
('2014-01-09', 281, 10, 0),
('2014-01-09', 282, 10, 0),
('2014-01-09', 299, 10, 0),
('2014-01-09', 314, 10, 0),
('2014-01-09', 315, 10, 0),
('2014-01-09', 316, 10, 0),
('2014-01-09', 327, 10, 0),
('2014-01-09', 330, 10, 0),
('2014-01-09', 331, 10, 0),
('2014-01-09', 333, 10, 0),
('2014-01-09', 335, 10, 0),
('2014-01-09', 336, 10, 0),
('2014-01-09', 338, 10, 0),
('2014-01-10', 3, 10, 0),
('2014-01-10', 4, 10, 0),
('2014-01-10', 5, 10, 0),
('2014-01-10', 6, 10, 0),
('2014-01-10', 8, 10, 0),
('2014-01-10', 10, 10, 0),
('2014-01-10', 12, 10, 0),
('2014-01-10', 13, 10, 0),
('2014-01-10', 23, 10, 0),
('2014-01-10', 24, 10, 0),
('2014-01-10', 26, 10, 0),
('2014-01-10', 28, 10, 0),
('2014-01-10', 35, 10, 0),
('2014-01-10', 37, 10, 0),
('2014-01-10', 43, 10, 0),
('2014-01-10', 44, 10, 0),
('2014-01-10', 46, 10, 0),
('2014-01-10', 56, 10, 0),
('2014-01-10', 57, 10, 0),
('2014-01-10', 74, 10, 0),
('2014-01-10', 75, 10, 0),
('2014-01-10', 98, 10, 0),
('2014-01-10', 99, 10, 0),
('2014-01-10', 100, 10, 0),
('2014-01-10', 114, 10, 0),
('2014-01-10', 115, 10, 0),
('2014-01-11', 3, 10, 0),
('2014-01-11', 4, 10, 0),
('2014-01-11', 5, 10, 0),
('2014-01-11', 6, 10, 0),
('2014-01-11', 8, 10, 0),
('2014-01-11', 10, 10, 0),
('2014-01-11', 12, 10, 0),
('2014-01-11', 13, 10, 0),
('2014-01-11', 14, 10, 0),
('2014-01-11', 22, 10, 0),
('2014-01-11', 23, 10, 0),
('2014-01-11', 24, 10, 0),
('2014-01-11', 26, 10, 0),
('2014-01-11', 28, 10, 0),
('2014-01-11', 32, 10, 0),
('2014-01-11', 35, 10, 0),
('2014-01-11', 37, 10, 0),
('2014-01-11', 43, 10, 0),
('2014-01-11', 44, 10, 0),
('2014-01-11', 46, 10, 0),
('2014-01-11', 56, 10, 0),
('2014-01-11', 57, 10, 0),
('2014-01-11', 74, 10, 0),
('2014-01-11', 75, 10, 0),
('2014-01-11', 98, 10, 0),
('2014-01-11', 99, 10, 0),
('2014-01-11', 100, 10, 0),
('2014-01-11', 114, 10, 0),
('2014-01-11', 115, 10, 0),
('2014-01-12', 3, 10, 0),
('2014-01-12', 4, 10, 0),
('2014-01-12', 5, 10, 0),
('2014-01-12', 6, 10, 0),
('2014-01-12', 8, 10, 0),
('2014-01-12', 10, 10, 0),
('2014-01-12', 12, 10, 0),
('2014-01-12', 13, 10, 0),
('2014-01-12', 14, 10, 0),
('2014-01-12', 22, 10, 0),
('2014-01-12', 23, 10, 0),
('2014-01-12', 26, 10, 0),
('2014-01-12', 28, 10, 0),
('2014-01-12', 32, 10, 0),
('2014-01-12', 35, 10, 0),
('2014-01-12', 37, 10, 0),
('2014-01-12', 43, 10, 0),
('2014-01-12', 44, 10, 0),
('2014-01-12', 46, 10, 0),
('2014-01-12', 56, 10, 0),
('2014-01-12', 57, 10, 0),
('2014-01-12', 75, 10, 0),
('2014-01-12', 98, 10, 0),
('2014-01-12', 99, 10, 0),
('2014-01-12', 100, 10, 0),
('2014-01-12', 114, 10, 0),
('2014-01-12', 115, 10, 0),
('2014-01-16', 3, 10, 0),
('2014-01-16', 4, 10, 0),
('2014-01-16', 5, 10, 0),
('2014-01-16', 6, 10, 0),
('2014-01-16', 8, 10, 0),
('2014-01-16', 23, 10, 0),
('2014-01-16', 26, 10, 0),
('2014-01-16', 28, 10, 0),
('2014-01-16', 30, 10, 0),
('2014-01-16', 37, 10, 0),
('2014-01-16', 44, 10, 0),
('2014-01-16', 46, 10, 0),
('2014-01-16', 56, 10, 0),
('2014-01-16', 57, 10, 0),
('2014-01-16', 75, 10, 0),
('2014-01-16', 98, 10, 0),
('2014-01-16', 99, 10, 0),
('2014-01-16', 100, 10, 0),
('2014-01-16', 114, 10, 0),
('2014-01-16', 115, 10, 0),
('2014-01-17', 3, 10, 0),
('2014-01-17', 4, 10, 0),
('2014-01-17', 5, 10, 0),
('2014-01-17', 6, 10, 0),
('2014-01-17', 8, 10, 0),
('2014-01-17', 23, 10, 0),
('2014-01-17', 26, 10, 0),
('2014-01-17', 28, 10, 0),
('2014-01-17', 30, 10, 0),
('2014-01-17', 37, 10, 0),
('2014-01-17', 44, 10, 0),
('2014-01-17', 46, 10, 0),
('2014-01-17', 56, 10, 0),
('2014-01-17', 57, 10, 0),
('2014-01-17', 75, 10, 0),
('2014-01-17', 98, 10, 0),
('2014-01-17', 99, 10, 0),
('2014-01-17', 100, 10, 0),
('2014-01-17', 114, 10, 0),
('2014-01-17', 115, 10, 0),
('2014-01-22', 3, 10, 0),
('2014-01-22', 4, 10, 0),
('2014-01-22', 5, 10, 0),
('2014-01-22', 6, 10, 0),
('2014-01-22', 8, 10, 0),
('2014-01-22', 23, 10, 0),
('2014-01-22', 26, 10, 0),
('2014-01-22', 28, 10, 0),
('2014-01-22', 30, 10, 0),
('2014-01-22', 37, 10, 0),
('2014-01-22', 44, 10, 0),
('2014-01-22', 46, 10, 0),
('2014-01-22', 56, 10, 0),
('2014-01-22', 57, 10, 0),
('2014-01-22', 75, 10, 0),
('2014-01-22', 98, 10, 0),
('2014-01-22', 99, 10, 0),
('2014-01-22', 100, 10, 0),
('2014-01-22', 114, 10, 0),
('2014-01-22', 115, 10, 0),
('2014-01-22', 172, 10, 0),
('2014-01-27', 3, 10, 0),
('2014-01-27', 4, 10, 0),
('2014-01-27', 5, 10, 0),
('2014-01-27', 6, 10, 0),
('2014-01-27', 8, 10, 0),
('2014-01-27', 23, 10, 0),
('2014-01-27', 26, 10, 0),
('2014-01-27', 28, 10, 0),
('2014-01-27', 30, 10, 0),
('2014-01-27', 37, 10, 0),
('2014-01-27', 44, 10, 0),
('2014-01-27', 46, 10, 0),
('2014-01-27', 56, 10, 0),
('2014-01-27', 57, 10, 0),
('2014-01-27', 75, 10, 0),
('2014-01-27', 98, 10, 0),
('2014-01-27', 99, 10, 0),
('2014-01-27', 100, 10, 0),
('2014-01-27', 114, 10, 0),
('2014-01-27', 115, 10, 0);

-- --------------------------------------------------------

--
-- Table structure for table `menu`
--

CREATE TABLE IF NOT EXISTS `menu` (
  `menu_id` int(11) NOT NULL AUTO_INCREMENT,
  `party_name` text NOT NULL,
  `event_time` text NOT NULL,
  `num_person` int(11) NOT NULL,
  `menu_price` float NOT NULL,
  `event_date` date NOT NULL,
  `estimated` tinyint(1) NOT NULL DEFAULT '0',
  `approved` tinyint(1) NOT NULL DEFAULT '0',
  PRIMARY KEY (`menu_id`)
) ENGINE=InnoDB  DEFAULT CHARSET=utf8 AUTO_INCREMENT=24 ;

--
-- Dumping data for table `menu`
--

INSERT INTO `menu` (`menu_id`, `party_name`, `event_time`, `num_person`, `menu_price`, `event_date`, `estimated`, `approved`) VALUES
(1, 'ছোট ক্যান্টিন', 'দুপুরের খাবার', 10, 100, '2014-01-09', 1, 0),
(2, 'ছোট ক্যান্টিন', 'নাস্তা', 20, 40, '2014-01-09', 1, 0),
(3, 'ছোট ক্যান্টিন', 'রাতের খাবার', 15, 100, '2014-01-09', 1, 0),
(4, 'ফাউন্ডেশন কোর্স', 'নাস্তা', 83, 60, '2014-01-09', 1, 0),
(5, 'ফাউন্ডেশন কোর্স', 'দুপুরের খাবার', 87, 300, '2014-01-09', 1, 0),
(6, 'ফাউন্ডেশন কোর্স', 'রাতের খাবার', 60, 100, '2014-01-09', 1, 0),
(7, 'a', 'দুপুরের খাবার', 100, 200, '2014-01-09', 1, 0),
(9, 'বিয়াম', 'নাস্তা', 60, 150, '2014-01-10', 1, 0),
(10, 'ফাউন্ডেশন কোর্স', 'নাস্তা', 70, 150, '2014-01-10', 1, 0),
(11, 'বিয়াম', 'নাস্তা', 100, 150, '2014-01-11', 1, 0),
(12, 'ফাউন্ডেশন কোর্স', 'নাস্তা', 100, 150, '2014-01-12', 1, 0),
(14, 'বিয়াম', 'নাস্তা', 60, 150, '2014-01-11', 1, 0),
(15, 'বিয়াম', 'সকালের নাস্তা', 100, 150, '2014-01-11', 1, 0),
(16, 'বিয়াম', 'সকালের নাস্তা', 100, 200, '2014-01-13', 1, 0),
(17, 'বিয়াম', 'সকালের নাস্তা', 100, 200, '2014-01-13', 1, 0),
(18, 'বিয়াম', 'সকালের নাস্তা', 100, 150, '2014-01-16', 1, 0),
(19, 'বিয়াম', 'সকালের নাস্তা', 60, 150, '2014-01-17', 1, 0),
(20, 'uhyh', 'সকালের নাস্তা', 100, 150, '2014-01-22', 1, 0),
(21, 'biam', 'রাতের খাবার', 10, 150, '2014-01-22', 1, 0),
(22, 'বিয়াম', 'সকালের নাস্তা', 100, 150, '2014-01-23', 0, 0),
(23, 'saasf', 'সকালের নাস্তা', 100, 150, '2014-01-27', 1, 0);

-- --------------------------------------------------------

--
-- Table structure for table `menu_estimate`
--

CREATE TABLE IF NOT EXISTS `menu_estimate` (
  `menu_id` int(11) NOT NULL,
  `ingredient_id` int(11) NOT NULL,
  `amount` float NOT NULL,
  `event_date` date NOT NULL,
  PRIMARY KEY (`menu_id`,`ingredient_id`),
  KEY `ingredient_id` (`ingredient_id`)
) ENGINE=InnoDB DEFAULT CHARSET=utf8;

--
-- Dumping data for table `menu_estimate`
--

INSERT INTO `menu_estimate` (`menu_id`, `ingredient_id`, `amount`, `event_date`) VALUES
(1, 3, 0.8, '2014-01-09'),
(1, 4, 0.8, '2014-01-09'),
(1, 5, 0.1, '2014-01-09'),
(1, 6, 0.08, '2014-01-09'),
(1, 7, 0.04, '2014-01-09'),
(1, 8, 0.014, '2014-01-09'),
(1, 10, 0.004, '2014-01-09'),
(1, 12, 0.1, '2014-01-09'),
(1, 13, 0.001, '2014-01-09'),
(1, 23, 0.32, '2014-01-09'),
(1, 24, 0.02, '2014-01-09'),
(1, 26, 0.03, '2014-01-09'),
(1, 28, 0.01, '2014-01-09'),
(1, 35, 0.1, '2014-01-09'),
(1, 36, 0.6, '2014-01-09'),
(1, 37, 0.22, '2014-01-09'),
(1, 43, 0.004, '2014-01-09'),
(1, 44, 0.02, '2014-01-09'),
(1, 46, 1.8, '2014-01-09'),
(1, 50, 0.3, '2014-01-09'),
(1, 55, 0.05, '2014-01-09'),
(1, 56, 0.01, '2014-01-09'),
(1, 57, 0.024, '2014-01-09'),
(1, 74, 2.6, '2014-01-09'),
(1, 98, 2, '2014-01-09'),
(1, 99, 0.5, '2014-01-09'),
(1, 100, 0.3, '2014-01-09'),
(1, 101, 0.2, '2014-01-09'),
(1, 110, 0.4, '2014-01-09'),
(1, 111, 0.6, '2014-01-09'),
(1, 114, 0.4, '2014-01-09'),
(1, 115, 0.1, '2014-01-09'),
(1, 119, 1.2, '2014-01-09'),
(1, 121, 0.6, '2014-01-09'),
(1, 148, 0.005, '2014-01-09'),
(1, 314, 0.02, '2014-01-09'),
(1, 330, 1, '2014-01-09'),
(2, 3, 0.8, '2014-01-09'),
(2, 4, 0.2, '2014-01-09'),
(2, 6, 0.08, '2014-01-09'),
(2, 23, 0.2, '2014-01-09'),
(2, 24, 0.04, '2014-01-09'),
(2, 37, 0.04, '2014-01-09'),
(2, 50, 0.6, '2014-01-09'),
(2, 57, 0.008, '2014-01-09'),
(2, 70, 0.16, '2014-01-09'),
(2, 71, 2, '2014-01-09'),
(2, 115, 0.04, '2014-01-09'),
(2, 149, 2, '2014-01-09'),
(2, 160, 0.2, '2014-01-09'),
(2, 314, 0.02, '2014-01-09'),
(3, 3, 0.6, '2014-01-09'),
(3, 4, 0.9, '2014-01-09'),
(3, 5, 0.09, '2014-01-09'),
(3, 6, 0.09, '2014-01-09'),
(3, 7, 0.06, '2014-01-09'),
(3, 8, 0.006, '2014-01-09'),
(3, 10, 0.006, '2014-01-09'),
(3, 12, 0.15, '2014-01-09'),
(3, 13, 0.0015, '2014-01-09'),
(3, 23, 0.33, '2014-01-09'),
(3, 24, 0.03, '2014-01-09'),
(3, 26, 0.045, '2014-01-09'),
(3, 35, 0.15, '2014-01-09'),
(3, 37, 0.18, '2014-01-09'),
(3, 43, 0.006, '2014-01-09'),
(3, 44, 0.03, '2014-01-09'),
(3, 46, 2.7, '2014-01-09'),
(3, 50, 0.45, '2014-01-09'),
(3, 55, 0.075, '2014-01-09'),
(3, 56, 0.015, '2014-01-09'),
(3, 57, 0.021, '2014-01-09'),
(3, 74, 3.9, '2014-01-09'),
(3, 98, 3, '2014-01-09'),
(3, 99, 0.75, '2014-01-09'),
(3, 100, 0.15, '2014-01-09'),
(3, 114, 0.3, '2014-01-09'),
(3, 115, 0.09, '2014-01-09'),
(3, 314, 0.015, '2014-01-09'),
(3, 330, 1.5, '2014-01-09'),
(4, 3, 3.32, '2014-01-09'),
(4, 4, 0.83, '2014-01-09'),
(4, 6, 0.332, '2014-01-09'),
(4, 23, 0.83, '2014-01-09'),
(4, 24, 0.166, '2014-01-09'),
(4, 37, 0.166, '2014-01-09'),
(4, 50, 2.49, '2014-01-09'),
(4, 57, 0.0332, '2014-01-09'),
(4, 70, 0.664, '2014-01-09'),
(4, 71, 8.3, '2014-01-09'),
(4, 115, 0.166, '2014-01-09'),
(4, 149, 8.3, '2014-01-09'),
(4, 160, 0.83, '2014-01-09'),
(4, 314, 0.083, '2014-01-09'),
(5, 1, 13.92, '2014-01-09'),
(5, 3, 6.09, '2014-01-09'),
(5, 4, 5.22, '2014-01-09'),
(5, 5, 0.957, '2014-01-09'),
(5, 6, 0.435, '2014-01-09'),
(5, 8, 0.0348, '2014-01-09'),
(5, 16, 0.0348, '2014-01-09'),
(5, 22, 0.0348, '2014-01-09'),
(5, 23, 0.783, '2014-01-09'),
(5, 24, 2.61, '2014-01-09'),
(5, 25, 2.61, '2014-01-09'),
(5, 26, 0.522, '2014-01-09'),
(5, 28, 0.435, '2014-01-09'),
(5, 29, 1.74, '2014-01-09'),
(5, 36, 1.74, '2014-01-09'),
(5, 37, 1.827, '2014-01-09'),
(5, 42, 0.0348, '2014-01-09'),
(5, 44, 0.348, '2014-01-09'),
(5, 55, 1.74, '2014-01-09'),
(5, 56, 0.174, '2014-01-09'),
(5, 66, 7.83, '2014-01-09'),
(5, 68, 0.87, '2014-01-09'),
(5, 70, 4.176, '2014-01-09'),
(5, 72, 26.1, '2014-01-09'),
(5, 98, 24.36, '2014-01-09'),
(5, 99, 4.35, '2014-01-09'),
(5, 100, 4.35, '2014-01-09'),
(5, 101, 3.48, '2014-01-09'),
(5, 111, 4.35, '2014-01-09'),
(5, 112, 5.22, '2014-01-09'),
(5, 114, 3.48, '2014-01-09'),
(5, 115, 0.348, '2014-01-09'),
(5, 119, 6.96, '2014-01-09'),
(5, 120, 3.48, '2014-01-09'),
(5, 121, 2.61, '2014-01-09'),
(5, 130, 1.74, '2014-01-09'),
(5, 131, 0.783, '2014-01-09'),
(5, 144, 1.74, '2014-01-09'),
(5, 179, 5.22, '2014-01-09'),
(5, 210, 3.48, '2014-01-09'),
(5, 237, 1.74, '2014-01-09'),
(5, 268, 1.74, '2014-01-09'),
(5, 281, 0.0348, '2014-01-09'),
(5, 282, 1.74, '2014-01-09'),
(5, 299, 0.174, '2014-01-09'),
(5, 315, 1.74, '2014-01-09'),
(5, 316, 3.48, '2014-01-09'),
(5, 331, 0.87, '2014-01-09'),
(5, 333, 10.44, '2014-01-09'),
(5, 335, 1.74, '2014-01-09'),
(5, 336, 17.4, '2014-01-09'),
(5, 338, 22.62, '2014-01-09'),
(6, 3, 0.6, '2014-01-09'),
(6, 4, 0.6, '2014-01-09'),
(6, 6, 0.24, '2014-01-09'),
(6, 23, 0.36, '2014-01-09'),
(6, 37, 0.12, '2014-01-09'),
(6, 46, 10.8, '2014-01-09'),
(6, 50, 1.8, '2014-01-09'),
(6, 57, 0.024, '2014-01-09'),
(6, 115, 0.12, '2014-01-09'),
(6, 314, 0.06, '2014-01-09'),
(7, 1, 18, '2014-01-09'),
(7, 2, 1, '2014-01-09'),
(7, 3, 6.6, '2014-01-09'),
(7, 4, 5, '2014-01-09'),
(7, 5, 1, '2014-01-09'),
(7, 6, 0.4, '2014-01-09'),
(7, 8, 0.08, '2014-01-09'),
(7, 10, 0.09, '2014-01-09'),
(7, 11, 0.01, '2014-01-09'),
(7, 12, 4, '2014-01-09'),
(7, 13, 0.04, '2014-01-09'),
(7, 14, 0.9, '2014-01-09'),
(7, 15, 0.7, '2014-01-09'),
(7, 16, 0.02, '2014-01-09'),
(7, 17, 0.002, '2014-01-09'),
(7, 18, 3, '2014-01-09'),
(7, 19, 3, '2014-01-09'),
(7, 20, 1.2, '2014-01-09'),
(7, 22, 0.02, '2014-01-09'),
(7, 23, 2.4, '2014-01-09'),
(7, 24, 0.7, '2014-01-09'),
(7, 25, 1, '2014-01-09'),
(7, 26, 0.4, '2014-01-09'),
(7, 28, 0.02, '2014-01-09'),
(7, 32, 20, '2014-01-09'),
(7, 33, 0.2, '2014-01-09'),
(7, 35, 1.5, '2014-01-09'),
(7, 37, 1.8, '2014-01-09'),
(7, 43, 0.1, '2014-01-09'),
(7, 44, 0.44, '2014-01-09'),
(7, 56, 0.2, '2014-01-09'),
(7, 57, 0.1, '2014-01-09'),
(7, 74, 26, '2014-01-09'),
(7, 98, 20, '2014-01-09'),
(7, 99, 5, '2014-01-09'),
(7, 100, 1, '2014-01-09'),
(7, 114, 2, '2014-01-09'),
(7, 172, 12, '2014-01-09'),
(7, 327, 0.02, '2014-01-09'),
(9, 3, 2.4, '2014-01-10'),
(9, 4, 1.8, '2014-01-10'),
(9, 5, 0.36, '2014-01-10'),
(9, 6, 0.24, '2014-01-10'),
(9, 8, 0.03, '2014-01-10'),
(9, 23, 0.6, '2014-01-10'),
(9, 26, 0.24, '2014-01-10'),
(9, 28, 0.012, '2014-01-10'),
(9, 37, 1.2, '2014-01-10'),
(9, 44, 0.12, '2014-01-10'),
(9, 46, 10.8, '2014-01-10'),
(9, 56, 0.12, '2014-01-10'),
(9, 57, 0.12, '2014-01-10'),
(9, 75, 12, '2014-01-10'),
(9, 98, 12, '2014-01-10'),
(9, 99, 3, '2014-01-10'),
(9, 100, 0.6, '2014-01-10'),
(9, 114, 3.6, '2014-01-10'),
(9, 115, 0.6, '2014-01-10'),
(10, 3, 2.4, '2014-01-10'),
(10, 4, 2.1, '2014-01-10'),
(10, 5, 0.42, '2014-01-10'),
(10, 6, 0.2, '2014-01-10'),
(10, 8, 0.031, '2014-01-10'),
(10, 10, 0.016, '2014-01-10'),
(10, 12, 0.4, '2014-01-10'),
(10, 13, 0.004, '2014-01-10'),
(10, 23, 0.7, '2014-01-10'),
(10, 24, 0.08, '2014-01-10'),
(10, 26, 0.24, '2014-01-10'),
(10, 28, 0.006, '2014-01-10'),
(10, 35, 0.4, '2014-01-10'),
(10, 37, 1, '2014-01-10'),
(10, 43, 0.016, '2014-01-10'),
(10, 44, 0.14, '2014-01-10'),
(10, 46, 12.6, '2014-01-10'),
(10, 56, 0.1, '2014-01-10'),
(10, 57, 0.1, '2014-01-10'),
(10, 74, 10.4, '2014-01-10'),
(10, 75, 6, '2014-01-10'),
(10, 98, 14, '2014-01-10'),
(10, 99, 3.5, '2014-01-10'),
(10, 100, 0.7, '2014-01-10'),
(10, 114, 2.6, '2014-01-10'),
(10, 115, 0.3, '2014-01-10'),
(11, 3, 4, '2014-01-11'),
(11, 4, 3, '2014-01-11'),
(11, 5, 0.6, '2014-01-11'),
(11, 6, 0.4, '2014-01-11'),
(11, 8, 0.05, '2014-01-11'),
(11, 23, 1, '2014-01-11'),
(11, 26, 0.4, '2014-01-11'),
(11, 28, 0.02, '2014-01-11'),
(11, 37, 2, '2014-01-11'),
(11, 44, 0.2, '2014-01-11'),
(11, 46, 18, '2014-01-11'),
(11, 56, 0.2, '2014-01-11'),
(11, 57, 0.2, '2014-01-11'),
(11, 75, 20, '2014-01-11'),
(11, 98, 20, '2014-01-11'),
(11, 99, 5, '2014-01-11'),
(11, 100, 1, '2014-01-11'),
(11, 114, 6, '2014-01-11'),
(11, 115, 1, '2014-01-11'),
(12, 3, 3.2, '2014-01-12'),
(12, 4, 3, '2014-01-12'),
(12, 5, 0.56, '2014-01-12'),
(12, 6, 0.32, '2014-01-12'),
(12, 8, 0.046, '2014-01-12'),
(12, 10, 0.016, '2014-01-12'),
(12, 12, 0.8, '2014-01-12'),
(12, 13, 0.008, '2014-01-12'),
(12, 14, 0.08, '2014-01-12'),
(12, 22, 0.008, '2014-01-12'),
(12, 23, 1, '2014-01-12'),
(12, 26, 0.32, '2014-01-12'),
(12, 28, 0.012, '2014-01-12'),
(12, 32, 8, '2014-01-12'),
(12, 35, 0.4, '2014-01-12'),
(12, 37, 1.68, '2014-01-12'),
(12, 43, 0.016, '2014-01-12'),
(12, 44, 0.2, '2014-01-12'),
(12, 46, 18, '2014-01-12'),
(12, 56, 0.16, '2014-01-12'),
(12, 57, 0.16, '2014-01-12'),
(12, 75, 12, '2014-01-12'),
(12, 98, 20, '2014-01-12'),
(12, 99, 5, '2014-01-12'),
(12, 100, 1, '2014-01-12'),
(12, 114, 4.4, '2014-01-12'),
(12, 115, 0.6, '2014-01-12'),
(14, 3, 2, '2014-01-11'),
(14, 4, 1.8, '2014-01-11'),
(14, 5, 0.36, '2014-01-11'),
(14, 6, 0.16, '2014-01-11'),
(14, 8, 0.026, '2014-01-11'),
(14, 10, 0.016, '2014-01-11'),
(14, 12, 0.4, '2014-01-11'),
(14, 13, 0.004, '2014-01-11'),
(14, 23, 0.6, '2014-01-11'),
(14, 24, 0.08, '2014-01-11'),
(14, 26, 0.2, '2014-01-11'),
(14, 28, 0.004, '2014-01-11'),
(14, 35, 0.4, '2014-01-11'),
(14, 37, 0.8, '2014-01-11'),
(14, 43, 0.016, '2014-01-11'),
(14, 44, 0.12, '2014-01-11'),
(14, 46, 10.8, '2014-01-11'),
(14, 56, 0.08, '2014-01-11'),
(14, 57, 0.08, '2014-01-11'),
(14, 74, 10.4, '2014-01-11'),
(14, 75, 4, '2014-01-11'),
(14, 98, 12, '2014-01-11'),
(14, 99, 3, '2014-01-11'),
(14, 100, 0.6, '2014-01-11'),
(14, 114, 2, '2014-01-11'),
(14, 115, 0.2, '2014-01-11'),
(15, 3, 2.8, '2014-01-11'),
(15, 4, 3, '2014-01-11'),
(15, 5, 0.54, '2014-01-11'),
(15, 6, 0.28, '2014-01-11'),
(15, 8, 0.044, '2014-01-11'),
(15, 10, 0.024, '2014-01-11'),
(15, 12, 1.2, '2014-01-11'),
(15, 13, 0.012, '2014-01-11'),
(15, 14, 0.12, '2014-01-11'),
(15, 22, 0.012, '2014-01-11'),
(15, 23, 1, '2014-01-11'),
(15, 26, 0.28, '2014-01-11'),
(15, 28, 0.008, '2014-01-11'),
(15, 32, 12, '2014-01-11'),
(15, 35, 0.6, '2014-01-11'),
(15, 37, 0.52, '2014-01-11'),
(15, 43, 0.024, '2014-01-11'),
(15, 44, 0.2, '2014-01-11'),
(15, 46, 18, '2014-01-11'),
(15, 56, 0.14, '2014-01-11'),
(15, 57, 0.14, '2014-01-11'),
(15, 75, 8, '2014-01-11'),
(15, 114, 1.6, '2014-01-11'),
(15, 115, 0.4, '2014-01-11'),
(16, 3, 3, '2014-01-13'),
(16, 4, 3, '2014-01-13'),
(16, 5, 0.55, '2014-01-13'),
(16, 6, 0.3, '2014-01-13'),
(16, 8, 0.045, '2014-01-13'),
(16, 10, 0.02, '2014-01-13'),
(16, 12, 1, '2014-01-13'),
(16, 13, 0.01, '2014-01-13'),
(16, 14, 0.1, '2014-01-13'),
(16, 22, 0.01, '2014-01-13'),
(16, 23, 1, '2014-01-13'),
(16, 26, 0.3, '2014-01-13'),
(16, 28, 0.01, '2014-01-13'),
(16, 32, 10, '2014-01-13'),
(16, 35, 0.5, '2014-01-13'),
(16, 37, 1.6, '2014-01-13'),
(16, 43, 0.02, '2014-01-13'),
(16, 44, 0.2, '2014-01-13'),
(16, 46, 18, '2014-01-13'),
(16, 56, 0.15, '2014-01-13'),
(16, 57, 0.15, '2014-01-13'),
(16, 75, 10, '2014-01-13'),
(16, 98, 20, '2014-01-13'),
(16, 99, 5, '2014-01-13'),
(16, 100, 1, '2014-01-13'),
(16, 114, 4, '2014-01-13'),
(16, 115, 0.5, '2014-01-13'),
(17, 3, 10, '2014-01-13'),
(17, 4, 2, '2014-01-13'),
(17, 5, 0.4, '2014-01-13'),
(17, 6, 0.2, '2014-01-13'),
(17, 8, 0.1, '2014-01-13'),
(17, 23, 1.8, '2014-01-13'),
(17, 24, 0.4, '2014-01-13'),
(17, 28, 0.1, '2014-01-13'),
(17, 36, 6, '2014-01-13'),
(17, 37, 2, '2014-01-13'),
(17, 57, 0.1, '2014-01-13'),
(17, 70, 1.6, '2014-01-13'),
(17, 71, 20, '2014-01-13'),
(17, 98, 20, '2014-01-13'),
(17, 99, 5, '2014-01-13'),
(17, 100, 3, '2014-01-13'),
(17, 101, 2, '2014-01-13'),
(17, 110, 4, '2014-01-13'),
(17, 111, 6, '2014-01-13'),
(17, 114, 4, '2014-01-13'),
(17, 115, 0.4, '2014-01-13'),
(17, 119, 12, '2014-01-13'),
(17, 121, 6, '2014-01-13'),
(17, 148, 0.05, '2014-01-13'),
(17, 149, 20, '2014-01-13'),
(17, 160, 2, '2014-01-13'),
(17, 314, 0.1, '2014-01-13'),
(18, 3, 4, '2014-01-16'),
(18, 4, 3, '2014-01-16'),
(18, 5, 0.6, '2014-01-16'),
(18, 6, 0.4, '2014-01-16'),
(18, 8, 0.05, '2014-01-16'),
(18, 23, 1, '2014-01-16'),
(18, 26, 0.4, '2014-01-16'),
(18, 28, 0.02, '2014-01-16'),
(18, 37, 2, '2014-01-16'),
(18, 44, 0.2, '2014-01-16'),
(18, 46, 18, '2014-01-16'),
(18, 56, 0.2, '2014-01-16'),
(18, 57, 0.2, '2014-01-16'),
(18, 75, 20, '2014-01-16'),
(18, 98, 20, '2014-01-16'),
(18, 99, 5, '2014-01-16'),
(18, 100, 1, '2014-01-16'),
(18, 114, 6, '2014-01-16'),
(18, 115, 1, '2014-01-16'),
(19, 3, 2.4, '2014-01-17'),
(19, 4, 1.8, '2014-01-17'),
(19, 5, 0.36, '2014-01-17'),
(19, 6, 0.24, '2014-01-17'),
(19, 8, 0.03, '2014-01-17'),
(19, 23, 0.6, '2014-01-17'),
(19, 26, 0.24, '2014-01-17'),
(19, 28, 0.012, '2014-01-17'),
(19, 37, 1.2, '2014-01-17'),
(19, 44, 0.12, '2014-01-17'),
(19, 46, 10.8, '2014-01-17'),
(19, 56, 0.12, '2014-01-17'),
(19, 57, 0.12, '2014-01-17'),
(19, 75, 12, '2014-01-17'),
(19, 98, 12, '2014-01-17'),
(19, 99, 3, '2014-01-17'),
(19, 100, 0.6, '2014-01-17'),
(19, 114, 3.6, '2014-01-17'),
(19, 115, 0.6, '2014-01-17'),
(20, 3, 4, '2014-01-22'),
(20, 4, 3, '2014-01-22'),
(20, 5, 0.6, '2014-01-22'),
(20, 6, 0.4, '2014-01-22'),
(20, 8, 0.05, '2014-01-22'),
(20, 23, 1, '2014-01-22'),
(20, 26, 0.4, '2014-01-22'),
(20, 28, 0.02, '2014-01-22'),
(20, 37, 2, '2014-01-22'),
(20, 44, 0.2, '2014-01-22'),
(20, 46, 18, '2014-01-22'),
(20, 56, 0.2, '2014-01-22'),
(20, 57, 0.2, '2014-01-22'),
(20, 75, 20, '2014-01-22'),
(20, 98, 20, '2014-01-22'),
(20, 99, 5, '2014-01-22'),
(20, 100, 1, '2014-01-22'),
(20, 114, 6, '2014-01-22'),
(20, 115, 1, '2014-01-22'),
(20, 172, 12, '2014-01-22'),
(21, 3, 0.4, '2014-01-22'),
(21, 4, 0.3, '2014-01-22'),
(21, 5, 0.06, '2014-01-22'),
(21, 6, 0.04, '2014-01-22'),
(21, 8, 0.005, '2014-01-22'),
(21, 23, 0.1, '2014-01-22'),
(21, 26, 0.04, '2014-01-22'),
(21, 28, 0.002, '2014-01-22'),
(21, 37, 0.2, '2014-01-22'),
(21, 44, 0.02, '2014-01-22'),
(21, 46, 1.8, '2014-01-22'),
(21, 56, 0.02, '2014-01-22'),
(21, 57, 0.02, '2014-01-22'),
(21, 75, 2, '2014-01-22'),
(21, 98, 2, '2014-01-22'),
(21, 99, 0.5, '2014-01-22'),
(21, 100, 0.1, '2014-01-22'),
(21, 114, 0.6, '2014-01-22'),
(21, 115, 0.1, '2014-01-22'),
(23, 3, 4, '2014-01-27'),
(23, 4, 3, '2014-01-27'),
(23, 5, 0.6, '2014-01-27'),
(23, 6, 0.4, '2014-01-27'),
(23, 8, 0.05, '2014-01-27'),
(23, 23, 1, '2014-01-27'),
(23, 26, 0.4, '2014-01-27'),
(23, 28, 0.02, '2014-01-27'),
(23, 37, 2, '2014-01-27'),
(23, 44, 0.2, '2014-01-27'),
(23, 46, 18, '2014-01-27'),
(23, 56, 0.2, '2014-01-27'),
(23, 57, 0.2, '2014-01-27'),
(23, 75, 20, '2014-01-27'),
(23, 98, 20, '2014-01-27'),
(23, 99, 5, '2014-01-27'),
(23, 100, 1, '2014-01-27'),
(23, 114, 6, '2014-01-27'),
(23, 115, 1, '2014-01-27');

-- --------------------------------------------------------

--
-- Table structure for table `menu_item`
--

CREATE TABLE IF NOT EXISTS `menu_item` (
  `menu_id` int(11) NOT NULL,
  `item_id` int(11) NOT NULL,
  `people` int(11) DEFAULT NULL,
  `quantity` int(11) NOT NULL DEFAULT '1',
  PRIMARY KEY (`menu_id`,`item_id`),
  KEY `item_id` (`item_id`)
) ENGINE=InnoDB DEFAULT CHARSET=utf8;

--
-- Dumping data for table `menu_item`
--

INSERT INTO `menu_item` (`menu_id`, `item_id`, `people`, `quantity`) VALUES
(1, 2, NULL, 1),
(1, 12, NULL, 1),
(1, 13, NULL, 1),
(1, 14, NULL, 1),
(1, 16, NULL, 1),
(1, 43, NULL, 1),
(2, 13, NULL, 1),
(2, 90, NULL, 1),
(3, 2, NULL, 1),
(3, 13, NULL, 1),
(3, 14, NULL, 1),
(3, 16, NULL, 1),
(3, 43, NULL, 1),
(4, 13, NULL, 1),
(4, 90, NULL, 1),
(5, 14, NULL, 1),
(5, 18, NULL, 1),
(5, 20, NULL, 1),
(5, 33, NULL, 1),
(5, 39, NULL, 1),
(5, 96, NULL, 1),
(6, 2, NULL, 1),
(6, 13, NULL, 1),
(7, 8, NULL, 1),
(7, 14, NULL, 1),
(7, 17, NULL, 1),
(7, 19, NULL, 1),
(7, 22, NULL, 1),
(9, 2, 60, 1),
(9, 10, 60, 1),
(9, 14, 60, 1),
(10, 2, 70, 1),
(10, 10, 30, 1),
(10, 14, 70, 1),
(10, 16, 40, 1),
(11, 2, 100, 1),
(11, 10, 100, 1),
(11, 14, 100, 1),
(12, 2, 100, 1),
(12, 10, 60, 1),
(12, 14, 100, 1),
(12, 22, 40, 1),
(14, 2, 60, 1),
(14, 10, 20, 1),
(14, 14, 60, 1),
(14, 16, 40, 1),
(15, 2, 100, 1),
(15, 10, 40, 1),
(15, 22, 60, 1),
(16, 2, 100, 1),
(16, 10, 50, 1),
(16, 14, 100, 1),
(16, 22, 50, 1),
(17, 12, 100, 1),
(17, 14, 100, 1),
(17, 90, 100, 2),
(18, 2, 100, 1),
(18, 10, 100, 1),
(18, 14, 100, 1),
(19, 2, 60, 1),
(19, 10, 60, 1),
(19, 14, 60, 1),
(20, 2, 100, 1),
(20, 10, 100, 1),
(20, 14, 100, 1),
(20, 17, 100, 1),
(21, 2, 10, 1),
(21, 10, 10, 1),
(21, 14, 10, 1),
(22, 2, 100, 1),
(22, 10, 100, 1),
(22, 14, 100, 1),
(23, 2, 100, 1),
(23, 10, 100, 1),
(23, 14, 100, 1);

-- --------------------------------------------------------

--
-- Table structure for table `package`
--

CREATE TABLE IF NOT EXISTS `package` (
  `package_id` int(11) NOT NULL AUTO_INCREMENT,
  `package_name` text NOT NULL,
  `package_price` float DEFAULT NULL,
  PRIMARY KEY (`package_id`)
) ENGINE=InnoDB  DEFAULT CHARSET=utf8 AUTO_INCREMENT=2 ;

--
-- Dumping data for table `package`
--

INSERT INTO `package` (`package_id`, `package_name`, `package_price`) VALUES
(1, 'প্যাকেজ ১', 150);

-- --------------------------------------------------------

--
-- Table structure for table `package_item`
--

CREATE TABLE IF NOT EXISTS `package_item` (
  `package_id` int(11) NOT NULL,
  `item_id` int(11) NOT NULL,
  `package_item_quantity` int(11) DEFAULT NULL,
  PRIMARY KEY (`package_id`,`item_id`),
  KEY `item_id` (`item_id`)
) ENGINE=InnoDB DEFAULT CHARSET=utf8;

--
-- Dumping data for table `package_item`
--

INSERT INTO `package_item` (`package_id`, `item_id`, `package_item_quantity`) VALUES
(1, 2, NULL),
(1, 10, NULL),
(1, 14, NULL);

-- --------------------------------------------------------

--
-- Table structure for table `user`
--

CREATE TABLE IF NOT EXISTS `user` (
  `user_id` int(11) NOT NULL AUTO_INCREMENT,
  `user_name` text NOT NULL,
  `password` text NOT NULL,
  `type` text NOT NULL,
  PRIMARY KEY (`user_id`)
) ENGINE=InnoDB  DEFAULT CHARSET=utf8 AUTO_INCREMENT=5 ;

--
-- Dumping data for table `user`
--

INSERT INTO `user` (`user_id`, `user_name`, `password`, `type`) VALUES
(1, 'admin', 'admin', 'admin'),
(4, 'user', 'user', 'user');

--
-- Constraints for dumped tables
--

--
-- Constraints for table `extra`
--
ALTER TABLE `extra`
  ADD CONSTRAINT `extra_ibfk_1` FOREIGN KEY (`ingredient_id`) REFERENCES `ingredient` (`ingredient_id`) ON DELETE CASCADE ON UPDATE CASCADE;

--
-- Constraints for table `item_ingredient`
--
ALTER TABLE `item_ingredient`
  ADD CONSTRAINT `item_ingredient_ibfk_1` FOREIGN KEY (`item_id`) REFERENCES `item` (`item_id`) ON DELETE CASCADE ON UPDATE CASCADE,
  ADD CONSTRAINT `item_ingredient_ibfk_2` FOREIGN KEY (`ingredient_id`) REFERENCES `ingredient` (`ingredient_id`) ON DELETE CASCADE ON UPDATE CASCADE;

--
-- Constraints for table `market`
--
ALTER TABLE `market`
  ADD CONSTRAINT `market_ibfk_1` FOREIGN KEY (`ingredient_id`) REFERENCES `ingredient` (`ingredient_id`) ON DELETE CASCADE ON UPDATE CASCADE;

--
-- Constraints for table `menu_estimate`
--
ALTER TABLE `menu_estimate`
  ADD CONSTRAINT `menu_estimate_ibfk_1` FOREIGN KEY (`menu_id`) REFERENCES `menu` (`menu_id`) ON DELETE CASCADE ON UPDATE CASCADE,
  ADD CONSTRAINT `menu_estimate_ibfk_2` FOREIGN KEY (`ingredient_id`) REFERENCES `ingredient` (`ingredient_id`) ON DELETE CASCADE ON UPDATE CASCADE;

--
-- Constraints for table `menu_item`
--
ALTER TABLE `menu_item`
  ADD CONSTRAINT `menu_item_ibfk_1` FOREIGN KEY (`menu_id`) REFERENCES `menu` (`menu_id`) ON DELETE CASCADE ON UPDATE CASCADE,
  ADD CONSTRAINT `menu_item_ibfk_2` FOREIGN KEY (`item_id`) REFERENCES `item` (`item_id`) ON DELETE CASCADE ON UPDATE CASCADE;

--
-- Constraints for table `package_item`
--
ALTER TABLE `package_item`
  ADD CONSTRAINT `package_item_ibfk_1` FOREIGN KEY (`package_id`) REFERENCES `package` (`package_id`) ON DELETE CASCADE ON UPDATE CASCADE,
  ADD CONSTRAINT `package_item_ibfk_2` FOREIGN KEY (`item_id`) REFERENCES `item` (`item_id`) ON DELETE CASCADE ON UPDATE CASCADE;

/*!40101 SET CHARACTER_SET_CLIENT=@OLD_CHARACTER_SET_CLIENT */;
/*!40101 SET CHARACTER_SET_RESULTS=@OLD_CHARACTER_SET_RESULTS */;
/*!40101 SET COLLATION_CONNECTION=@OLD_COLLATION_CONNECTION */;
